ISO-10303-21;
HEADER;
/* Generated by software containing ST-Developer
 * from STEP Tools, Inc. (www.steptools.com) 
 */
/* OPTION: using custom renumber hook */

FILE_DESCRIPTION(
/* description */ ('STEP AP214',
'CAx-IF Rec.Pracs.---User Defined Attributes---1.5---2016-08-15'),
/* implementation_level */ '2;1');

FILE_NAME(
/* name */ '6aa2fca858529bb3dbfab158',
/* time_stamp */ '2026-09-10T18:53:29Z',
/* author */ (''),
/* organization */ (''),
/* preprocessor_version */ 'ST-DEVELOPER v20',
/* originating_system */ 'ONSHAPE BY PTC INC, 1.220',
/* authorisation */ '  ');

FILE_SCHEMA (('AUTOMOTIVE_DESIGN {1 0 10303 214 3 1 1}'));
ENDSEC;

DATA;
#10=PROPERTY_DEFINITION_REPRESENTATION(#14,#12);
#11=PROPERTY_DEFINITION_REPRESENTATION(#15,#13);
#12=REPRESENTATION('',(#16),#2983);
#13=REPRESENTATION('',(#17),#2983);
#14=PROPERTY_DEFINITION('pmi validation property','',#2988);
#15=PROPERTY_DEFINITION('pmi validation property','',#2988);
#16=VALUE_REPRESENTATION_ITEM('number of annotations',COUNT_MEASURE(0.));
#17=VALUE_REPRESENTATION_ITEM('number of views',COUNT_MEASURE(0.));
#18=SHAPE_REPRESENTATION_RELATIONSHIP('','',#1903,#19);
#19=ADVANCED_BREP_SHAPE_REPRESENTATION('',(#1901),#2983);
#20=ELLIPSE('',#2065,0.000282842712474619,0.0002);
#21=ELLIPSE('',#2066,0.000282842712474619,0.0002);
#22=ELLIPSE('',#2068,0.000282842712474619,0.0002);
#23=ELLIPSE('',#2070,0.000282842712474619,0.0002);
#24=ELLIPSE('',#2073,0.000282842712474619,0.0002);
#25=ELLIPSE('',#2074,0.000282842712474619,0.0002);
#26=ELLIPSE('',#2076,0.000282842712474619,0.0002);
#27=ELLIPSE('',#2078,0.000282842712474619,0.0002);
#28=CIRCLE('',#1907,0.0005);
#29=CIRCLE('',#1908,0.0005);
#30=CIRCLE('',#1910,0.0005);
#31=CIRCLE('',#1911,0.0005);
#32=CIRCLE('',#1913,0.0005);
#33=CIRCLE('',#1914,0.0005);
#34=CIRCLE('',#1916,0.0005);
#35=CIRCLE('',#1917,0.0005);
#36=CIRCLE('',#1919,0.0005);
#37=CIRCLE('',#1920,0.0005);
#38=CIRCLE('',#1922,0.0005);
#39=CIRCLE('',#1923,0.0005);
#40=CIRCLE('',#1925,0.0005);
#41=CIRCLE('',#1926,0.0005);
#42=CIRCLE('',#1928,0.0005);
#43=CIRCLE('',#1929,0.0005);
#44=CIRCLE('',#1931,0.0005);
#45=CIRCLE('',#1932,0.0005);
#46=CIRCLE('',#1934,0.0005);
#47=CIRCLE('',#1935,0.0005);
#48=CIRCLE('',#1937,0.0005);
#49=CIRCLE('',#1938,0.0005);
#50=CIRCLE('',#1940,0.0005);
#51=CIRCLE('',#1941,0.0005);
#52=CIRCLE('',#1943,0.0005);
#53=CIRCLE('',#1944,0.0005);
#54=CIRCLE('',#1946,0.0005);
#55=CIRCLE('',#1947,0.0005);
#56=CIRCLE('',#1949,0.0005);
#57=CIRCLE('',#1950,0.0005);
#58=CIRCLE('',#1952,0.0005);
#59=CIRCLE('',#1953,0.0005);
#60=CIRCLE('',#1955,0.0005);
#61=CIRCLE('',#1956,0.0005);
#62=CIRCLE('',#1958,0.0005);
#63=CIRCLE('',#1959,0.0005);
#64=CIRCLE('',#1961,0.0005);
#65=CIRCLE('',#1962,0.0005);
#66=CIRCLE('',#1964,0.0005);
#67=CIRCLE('',#1965,0.0005);
#68=CIRCLE('',#1967,0.0005);
#69=CIRCLE('',#1968,0.0005);
#70=CIRCLE('',#1970,0.0005);
#71=CIRCLE('',#1971,0.0005);
#72=CIRCLE('',#1973,0.0005);
#73=CIRCLE('',#1974,0.0005);
#74=CIRCLE('',#1976,0.0005);
#75=CIRCLE('',#1977,0.0005);
#76=CIRCLE('',#1979,0.0005);
#77=CIRCLE('',#1980,0.0005);
#78=CIRCLE('',#1982,0.0005);
#79=CIRCLE('',#1983,0.0005);
#80=CIRCLE('',#1985,0.0005);
#81=CIRCLE('',#1986,0.0005);
#82=CIRCLE('',#1988,0.0005);
#83=CIRCLE('',#1989,0.0005);
#84=CIRCLE('',#1991,0.0005);
#85=CIRCLE('',#1992,0.0005);
#86=CIRCLE('',#1994,0.0005);
#87=CIRCLE('',#1995,0.0005);
#88=CIRCLE('',#1997,0.0005);
#89=CIRCLE('',#1998,0.0005);
#90=CIRCLE('',#2000,0.0005);
#91=CIRCLE('',#2001,0.0005);
#92=CIRCLE('',#2003,0.0005);
#93=CIRCLE('',#2004,0.0005);
#94=CIRCLE('',#2006,0.0005);
#95=CIRCLE('',#2007,0.0005);
#96=CIRCLE('',#2009,0.0005);
#97=CIRCLE('',#2010,0.0005);
#98=CIRCLE('',#2013,0.0009);
#99=CIRCLE('',#2014,0.0009);
#100=CIRCLE('',#2015,0.0005);
#101=CIRCLE('',#2030,0.0005);
#102=CIRCLE('',#2036,0.0015);
#103=CIRCLE('',#2037,0.0015);
#104=CIRCLE('',#2040,0.0015);
#105=CIRCLE('',#2041,0.0015);
#106=CIRCLE('',#2054,0.0009);
#107=CIRCLE('',#2057,0.0009);
#108=CYLINDRICAL_SURFACE('',#1906,0.0005);
#109=CYLINDRICAL_SURFACE('',#1909,0.0005);
#110=CYLINDRICAL_SURFACE('',#1912,0.0005);
#111=CYLINDRICAL_SURFACE('',#1915,0.0005);
#112=CYLINDRICAL_SURFACE('',#1918,0.0005);
#113=CYLINDRICAL_SURFACE('',#1921,0.0005);
#114=CYLINDRICAL_SURFACE('',#1924,0.0005);
#115=CYLINDRICAL_SURFACE('',#1927,0.0005);
#116=CYLINDRICAL_SURFACE('',#1930,0.0005);
#117=CYLINDRICAL_SURFACE('',#1933,0.0005);
#118=CYLINDRICAL_SURFACE('',#1936,0.0005);
#119=CYLINDRICAL_SURFACE('',#1939,0.0005);
#120=CYLINDRICAL_SURFACE('',#1942,0.0005);
#121=CYLINDRICAL_SURFACE('',#1945,0.0005);
#122=CYLINDRICAL_SURFACE('',#1948,0.0005);
#123=CYLINDRICAL_SURFACE('',#1951,0.0005);
#124=CYLINDRICAL_SURFACE('',#1954,0.0005);
#125=CYLINDRICAL_SURFACE('',#1957,0.0005);
#126=CYLINDRICAL_SURFACE('',#1960,0.0005);
#127=CYLINDRICAL_SURFACE('',#1963,0.0005);
#128=CYLINDRICAL_SURFACE('',#1966,0.0005);
#129=CYLINDRICAL_SURFACE('',#1969,0.0005);
#130=CYLINDRICAL_SURFACE('',#1972,0.0005);
#131=CYLINDRICAL_SURFACE('',#1975,0.0005);
#132=CYLINDRICAL_SURFACE('',#1978,0.0005);
#133=CYLINDRICAL_SURFACE('',#1981,0.0005);
#134=CYLINDRICAL_SURFACE('',#1984,0.0005);
#135=CYLINDRICAL_SURFACE('',#1987,0.0005);
#136=CYLINDRICAL_SURFACE('',#1990,0.0005);
#137=CYLINDRICAL_SURFACE('',#1993,0.0005);
#138=CYLINDRICAL_SURFACE('',#1996,0.0005);
#139=CYLINDRICAL_SURFACE('',#1999,0.0005);
#140=CYLINDRICAL_SURFACE('',#2002,0.0005);
#141=CYLINDRICAL_SURFACE('',#2005,0.0005);
#142=CYLINDRICAL_SURFACE('',#2008,0.0005);
#143=CYLINDRICAL_SURFACE('',#2035,0.0015);
#144=CYLINDRICAL_SURFACE('',#2039,0.0015);
#145=CYLINDRICAL_SURFACE('',#2044,0.0005);
#146=CYLINDRICAL_SURFACE('',#2053,0.0009);
#147=CYLINDRICAL_SURFACE('',#2056,0.0009);
#148=CYLINDRICAL_SURFACE('',#2064,0.0002);
#149=CYLINDRICAL_SURFACE('',#2067,0.0002);
#150=CYLINDRICAL_SURFACE('',#2069,0.0002);
#151=CYLINDRICAL_SURFACE('',#2071,0.0002);
#152=CYLINDRICAL_SURFACE('',#2072,0.0002);
#153=CYLINDRICAL_SURFACE('',#2075,0.0002);
#154=CYLINDRICAL_SURFACE('',#2077,0.0002);
#155=CYLINDRICAL_SURFACE('',#2079,0.0002);
#156=ORIENTED_EDGE('',*,*,#552,.T.);
#157=ORIENTED_EDGE('',*,*,#553,.T.);
#158=ORIENTED_EDGE('',*,*,#554,.T.);
#159=ORIENTED_EDGE('',*,*,#555,.T.);
#160=ORIENTED_EDGE('',*,*,#556,.T.);
#161=ORIENTED_EDGE('',*,*,#557,.T.);
#162=ORIENTED_EDGE('',*,*,#558,.T.);
#163=ORIENTED_EDGE('',*,*,#559,.T.);
#164=ORIENTED_EDGE('',*,*,#560,.T.);
#165=ORIENTED_EDGE('',*,*,#561,.F.);
#166=ORIENTED_EDGE('',*,*,#562,.T.);
#167=ORIENTED_EDGE('',*,*,#563,.F.);
#168=ORIENTED_EDGE('',*,*,#564,.T.);
#169=ORIENTED_EDGE('',*,*,#565,.F.);
#170=ORIENTED_EDGE('',*,*,#566,.T.);
#171=ORIENTED_EDGE('',*,*,#567,.F.);
#172=ORIENTED_EDGE('',*,*,#568,.T.);
#173=ORIENTED_EDGE('',*,*,#569,.F.);
#174=ORIENTED_EDGE('',*,*,#570,.T.);
#175=ORIENTED_EDGE('',*,*,#571,.F.);
#176=ORIENTED_EDGE('',*,*,#572,.T.);
#177=ORIENTED_EDGE('',*,*,#573,.F.);
#178=ORIENTED_EDGE('',*,*,#574,.T.);
#179=ORIENTED_EDGE('',*,*,#575,.F.);
#180=ORIENTED_EDGE('',*,*,#576,.T.);
#181=ORIENTED_EDGE('',*,*,#577,.F.);
#182=ORIENTED_EDGE('',*,*,#578,.T.);
#183=ORIENTED_EDGE('',*,*,#579,.F.);
#184=ORIENTED_EDGE('',*,*,#580,.T.);
#185=ORIENTED_EDGE('',*,*,#581,.F.);
#186=ORIENTED_EDGE('',*,*,#582,.T.);
#187=ORIENTED_EDGE('',*,*,#583,.F.);
#188=ORIENTED_EDGE('',*,*,#584,.T.);
#189=ORIENTED_EDGE('',*,*,#585,.F.);
#190=ORIENTED_EDGE('',*,*,#586,.T.);
#191=ORIENTED_EDGE('',*,*,#587,.F.);
#192=ORIENTED_EDGE('',*,*,#588,.T.);
#193=ORIENTED_EDGE('',*,*,#589,.F.);
#194=ORIENTED_EDGE('',*,*,#590,.T.);
#195=ORIENTED_EDGE('',*,*,#591,.F.);
#196=ORIENTED_EDGE('',*,*,#592,.T.);
#197=ORIENTED_EDGE('',*,*,#593,.F.);
#198=ORIENTED_EDGE('',*,*,#594,.T.);
#199=ORIENTED_EDGE('',*,*,#595,.F.);
#200=ORIENTED_EDGE('',*,*,#596,.F.);
#201=ORIENTED_EDGE('',*,*,#597,.T.);
#202=ORIENTED_EDGE('',*,*,#598,.F.);
#203=ORIENTED_EDGE('',*,*,#599,.T.);
#204=ORIENTED_EDGE('',*,*,#600,.F.);
#205=ORIENTED_EDGE('',*,*,#601,.T.);
#206=ORIENTED_EDGE('',*,*,#602,.F.);
#207=ORIENTED_EDGE('',*,*,#603,.T.);
#208=ORIENTED_EDGE('',*,*,#604,.F.);
#209=ORIENTED_EDGE('',*,*,#605,.T.);
#210=ORIENTED_EDGE('',*,*,#606,.F.);
#211=ORIENTED_EDGE('',*,*,#607,.T.);
#212=ORIENTED_EDGE('',*,*,#608,.F.);
#213=ORIENTED_EDGE('',*,*,#609,.T.);
#214=ORIENTED_EDGE('',*,*,#610,.F.);
#215=ORIENTED_EDGE('',*,*,#611,.T.);
#216=ORIENTED_EDGE('',*,*,#612,.F.);
#217=ORIENTED_EDGE('',*,*,#613,.T.);
#218=ORIENTED_EDGE('',*,*,#614,.F.);
#219=ORIENTED_EDGE('',*,*,#615,.T.);
#220=ORIENTED_EDGE('',*,*,#616,.F.);
#221=ORIENTED_EDGE('',*,*,#617,.T.);
#222=ORIENTED_EDGE('',*,*,#618,.F.);
#223=ORIENTED_EDGE('',*,*,#619,.T.);
#224=ORIENTED_EDGE('',*,*,#620,.F.);
#225=ORIENTED_EDGE('',*,*,#621,.T.);
#226=ORIENTED_EDGE('',*,*,#622,.F.);
#227=ORIENTED_EDGE('',*,*,#623,.T.);
#228=ORIENTED_EDGE('',*,*,#624,.F.);
#229=ORIENTED_EDGE('',*,*,#625,.T.);
#230=ORIENTED_EDGE('',*,*,#626,.F.);
#231=ORIENTED_EDGE('',*,*,#627,.T.);
#232=ORIENTED_EDGE('',*,*,#628,.F.);
#233=ORIENTED_EDGE('',*,*,#629,.T.);
#234=ORIENTED_EDGE('',*,*,#630,.F.);
#235=ORIENTED_EDGE('',*,*,#631,.T.);
#236=ORIENTED_EDGE('',*,*,#632,.T.);
#237=ORIENTED_EDGE('',*,*,#633,.F.);
#238=ORIENTED_EDGE('',*,*,#634,.F.);
#239=ORIENTED_EDGE('',*,*,#635,.F.);
#240=ORIENTED_EDGE('',*,*,#594,.F.);
#241=ORIENTED_EDGE('',*,*,#592,.F.);
#242=ORIENTED_EDGE('',*,*,#590,.F.);
#243=ORIENTED_EDGE('',*,*,#588,.F.);
#244=ORIENTED_EDGE('',*,*,#586,.F.);
#245=ORIENTED_EDGE('',*,*,#584,.F.);
#246=ORIENTED_EDGE('',*,*,#582,.F.);
#247=ORIENTED_EDGE('',*,*,#580,.F.);
#248=ORIENTED_EDGE('',*,*,#578,.F.);
#249=ORIENTED_EDGE('',*,*,#576,.F.);
#250=ORIENTED_EDGE('',*,*,#574,.F.);
#251=ORIENTED_EDGE('',*,*,#572,.F.);
#252=ORIENTED_EDGE('',*,*,#570,.F.);
#253=ORIENTED_EDGE('',*,*,#568,.F.);
#254=ORIENTED_EDGE('',*,*,#566,.F.);
#255=ORIENTED_EDGE('',*,*,#564,.F.);
#256=ORIENTED_EDGE('',*,*,#562,.F.);
#257=ORIENTED_EDGE('',*,*,#560,.F.);
#258=ORIENTED_EDGE('',*,*,#596,.T.);
#259=ORIENTED_EDGE('',*,*,#598,.T.);
#260=ORIENTED_EDGE('',*,*,#600,.T.);
#261=ORIENTED_EDGE('',*,*,#602,.T.);
#262=ORIENTED_EDGE('',*,*,#604,.T.);
#263=ORIENTED_EDGE('',*,*,#606,.T.);
#264=ORIENTED_EDGE('',*,*,#608,.T.);
#265=ORIENTED_EDGE('',*,*,#610,.T.);
#266=ORIENTED_EDGE('',*,*,#612,.T.);
#267=ORIENTED_EDGE('',*,*,#614,.T.);
#268=ORIENTED_EDGE('',*,*,#616,.T.);
#269=ORIENTED_EDGE('',*,*,#618,.T.);
#270=ORIENTED_EDGE('',*,*,#620,.T.);
#271=ORIENTED_EDGE('',*,*,#622,.T.);
#272=ORIENTED_EDGE('',*,*,#624,.T.);
#273=ORIENTED_EDGE('',*,*,#626,.T.);
#274=ORIENTED_EDGE('',*,*,#628,.T.);
#275=ORIENTED_EDGE('',*,*,#636,.T.);
#276=ORIENTED_EDGE('',*,*,#637,.F.);
#277=ORIENTED_EDGE('',*,*,#638,.F.);
#278=ORIENTED_EDGE('',*,*,#639,.T.);
#279=ORIENTED_EDGE('',*,*,#640,.T.);
#280=ORIENTED_EDGE('',*,*,#641,.T.);
#281=ORIENTED_EDGE('',*,*,#642,.T.);
#282=ORIENTED_EDGE('',*,*,#643,.T.);
#283=ORIENTED_EDGE('',*,*,#644,.T.);
#284=ORIENTED_EDGE('',*,*,#645,.T.);
#285=ORIENTED_EDGE('',*,*,#646,.F.);
#286=ORIENTED_EDGE('',*,*,#647,.F.);
#287=ORIENTED_EDGE('',*,*,#648,.F.);
#288=ORIENTED_EDGE('',*,*,#649,.F.);
#289=ORIENTED_EDGE('',*,*,#650,.F.);
#290=ORIENTED_EDGE('',*,*,#651,.F.);
#291=ORIENTED_EDGE('',*,*,#652,.F.);
#292=ORIENTED_EDGE('',*,*,#653,.T.);
#293=ORIENTED_EDGE('',*,*,#654,.F.);
#294=ORIENTED_EDGE('',*,*,#630,.T.);
#295=ORIENTED_EDGE('',*,*,#655,.F.);
#296=ORIENTED_EDGE('',*,*,#656,.F.);
#297=ORIENTED_EDGE('',*,*,#657,.T.);
#298=ORIENTED_EDGE('',*,*,#648,.T.);
#299=ORIENTED_EDGE('',*,*,#658,.F.);
#300=ORIENTED_EDGE('',*,*,#659,.F.);
#301=ORIENTED_EDGE('',*,*,#660,.T.);
#302=ORIENTED_EDGE('',*,*,#649,.T.);
#303=ORIENTED_EDGE('',*,*,#660,.F.);
#304=ORIENTED_EDGE('',*,*,#661,.F.);
#305=ORIENTED_EDGE('',*,*,#662,.T.);
#306=ORIENTED_EDGE('',*,*,#650,.T.);
#307=ORIENTED_EDGE('',*,*,#662,.F.);
#308=ORIENTED_EDGE('',*,*,#663,.F.);
#309=ORIENTED_EDGE('',*,*,#664,.T.);
#310=ORIENTED_EDGE('',*,*,#651,.T.);
#311=ORIENTED_EDGE('',*,*,#664,.F.);
#312=ORIENTED_EDGE('',*,*,#665,.F.);
#313=ORIENTED_EDGE('',*,*,#666,.T.);
#314=ORIENTED_EDGE('',*,*,#638,.T.);
#315=ORIENTED_EDGE('',*,*,#667,.T.);
#316=ORIENTED_EDGE('',*,*,#652,.T.);
#317=ORIENTED_EDGE('',*,*,#666,.F.);
#318=ORIENTED_EDGE('',*,*,#668,.F.);
#319=ORIENTED_EDGE('',*,*,#669,.F.);
#320=ORIENTED_EDGE('',*,*,#670,.F.);
#321=ORIENTED_EDGE('',*,*,#671,.F.);
#322=ORIENTED_EDGE('',*,*,#672,.F.);
#323=ORIENTED_EDGE('',*,*,#673,.F.);
#324=ORIENTED_EDGE('',*,*,#674,.F.);
#325=ORIENTED_EDGE('',*,*,#675,.F.);
#326=ORIENTED_EDGE('',*,*,#676,.F.);
#327=ORIENTED_EDGE('',*,*,#677,.T.);
#328=ORIENTED_EDGE('',*,*,#639,.F.);
#329=ORIENTED_EDGE('',*,*,#677,.F.);
#330=ORIENTED_EDGE('',*,*,#678,.T.);
#331=ORIENTED_EDGE('',*,*,#679,.T.);
#332=ORIENTED_EDGE('',*,*,#640,.F.);
#333=ORIENTED_EDGE('',*,*,#679,.F.);
#334=ORIENTED_EDGE('',*,*,#680,.T.);
#335=ORIENTED_EDGE('',*,*,#681,.T.);
#336=ORIENTED_EDGE('',*,*,#641,.F.);
#337=ORIENTED_EDGE('',*,*,#681,.F.);
#338=ORIENTED_EDGE('',*,*,#682,.T.);
#339=ORIENTED_EDGE('',*,*,#683,.T.);
#340=ORIENTED_EDGE('',*,*,#642,.F.);
#341=ORIENTED_EDGE('',*,*,#683,.F.);
#342=ORIENTED_EDGE('',*,*,#684,.T.);
#343=ORIENTED_EDGE('',*,*,#685,.T.);
#344=ORIENTED_EDGE('',*,*,#686,.F.);
#345=ORIENTED_EDGE('',*,*,#687,.T.);
#346=ORIENTED_EDGE('',*,*,#688,.T.);
#347=ORIENTED_EDGE('',*,*,#643,.F.);
#348=ORIENTED_EDGE('',*,*,#685,.F.);
#349=ORIENTED_EDGE('',*,*,#689,.T.);
#350=ORIENTED_EDGE('',*,*,#690,.T.);
#351=ORIENTED_EDGE('',*,*,#631,.F.);
#352=ORIENTED_EDGE('',*,*,#657,.F.);
#353=ORIENTED_EDGE('',*,*,#691,.F.);
#354=ORIENTED_EDGE('',*,*,#658,.T.);
#355=ORIENTED_EDGE('',*,*,#647,.T.);
#356=ORIENTED_EDGE('',*,*,#632,.F.);
#357=ORIENTED_EDGE('',*,*,#690,.F.);
#358=ORIENTED_EDGE('',*,*,#692,.T.);
#359=ORIENTED_EDGE('',*,*,#693,.T.);
#360=ORIENTED_EDGE('',*,*,#633,.T.);
#361=ORIENTED_EDGE('',*,*,#693,.F.);
#362=ORIENTED_EDGE('',*,*,#694,.F.);
#363=ORIENTED_EDGE('',*,*,#655,.T.);
#364=ORIENTED_EDGE('',*,*,#595,.T.);
#365=ORIENTED_EDGE('',*,*,#593,.T.);
#366=ORIENTED_EDGE('',*,*,#591,.T.);
#367=ORIENTED_EDGE('',*,*,#589,.T.);
#368=ORIENTED_EDGE('',*,*,#587,.T.);
#369=ORIENTED_EDGE('',*,*,#585,.T.);
#370=ORIENTED_EDGE('',*,*,#583,.T.);
#371=ORIENTED_EDGE('',*,*,#581,.T.);
#372=ORIENTED_EDGE('',*,*,#579,.T.);
#373=ORIENTED_EDGE('',*,*,#577,.T.);
#374=ORIENTED_EDGE('',*,*,#575,.T.);
#375=ORIENTED_EDGE('',*,*,#573,.T.);
#376=ORIENTED_EDGE('',*,*,#571,.T.);
#377=ORIENTED_EDGE('',*,*,#569,.T.);
#378=ORIENTED_EDGE('',*,*,#567,.T.);
#379=ORIENTED_EDGE('',*,*,#565,.T.);
#380=ORIENTED_EDGE('',*,*,#563,.T.);
#381=ORIENTED_EDGE('',*,*,#561,.T.);
#382=ORIENTED_EDGE('',*,*,#597,.F.);
#383=ORIENTED_EDGE('',*,*,#599,.F.);
#384=ORIENTED_EDGE('',*,*,#601,.F.);
#385=ORIENTED_EDGE('',*,*,#603,.F.);
#386=ORIENTED_EDGE('',*,*,#605,.F.);
#387=ORIENTED_EDGE('',*,*,#607,.F.);
#388=ORIENTED_EDGE('',*,*,#609,.F.);
#389=ORIENTED_EDGE('',*,*,#611,.F.);
#390=ORIENTED_EDGE('',*,*,#613,.F.);
#391=ORIENTED_EDGE('',*,*,#615,.F.);
#392=ORIENTED_EDGE('',*,*,#617,.F.);
#393=ORIENTED_EDGE('',*,*,#619,.F.);
#394=ORIENTED_EDGE('',*,*,#621,.F.);
#395=ORIENTED_EDGE('',*,*,#623,.F.);
#396=ORIENTED_EDGE('',*,*,#625,.F.);
#397=ORIENTED_EDGE('',*,*,#627,.F.);
#398=ORIENTED_EDGE('',*,*,#629,.F.);
#399=ORIENTED_EDGE('',*,*,#695,.F.);
#400=ORIENTED_EDGE('',*,*,#696,.F.);
#401=ORIENTED_EDGE('',*,*,#668,.T.);
#402=ORIENTED_EDGE('',*,*,#665,.T.);
#403=ORIENTED_EDGE('',*,*,#663,.T.);
#404=ORIENTED_EDGE('',*,*,#661,.T.);
#405=ORIENTED_EDGE('',*,*,#659,.T.);
#406=ORIENTED_EDGE('',*,*,#691,.T.);
#407=ORIENTED_EDGE('',*,*,#656,.T.);
#408=ORIENTED_EDGE('',*,*,#694,.T.);
#409=ORIENTED_EDGE('',*,*,#692,.F.);
#410=ORIENTED_EDGE('',*,*,#689,.F.);
#411=ORIENTED_EDGE('',*,*,#684,.F.);
#412=ORIENTED_EDGE('',*,*,#682,.F.);
#413=ORIENTED_EDGE('',*,*,#680,.F.);
#414=ORIENTED_EDGE('',*,*,#678,.F.);
#415=ORIENTED_EDGE('',*,*,#676,.T.);
#416=ORIENTED_EDGE('',*,*,#697,.T.);
#417=ORIENTED_EDGE('',*,*,#698,.F.);
#418=ORIENTED_EDGE('',*,*,#699,.F.);
#419=ORIENTED_EDGE('',*,*,#700,.T.);
#420=ORIENTED_EDGE('',*,*,#686,.T.);
#421=ORIENTED_EDGE('',*,*,#646,.T.);
#422=ORIENTED_EDGE('',*,*,#701,.F.);
#423=ORIENTED_EDGE('',*,*,#702,.T.);
#424=ORIENTED_EDGE('',*,*,#699,.T.);
#425=ORIENTED_EDGE('',*,*,#645,.F.);
#426=ORIENTED_EDGE('',*,*,#688,.F.);
#427=ORIENTED_EDGE('',*,*,#703,.T.);
#428=ORIENTED_EDGE('',*,*,#701,.T.);
#429=ORIENTED_EDGE('',*,*,#644,.F.);
#430=ORIENTED_EDGE('',*,*,#667,.F.);
#431=ORIENTED_EDGE('',*,*,#704,.F.);
#432=ORIENTED_EDGE('',*,*,#705,.T.);
#433=ORIENTED_EDGE('',*,*,#706,.T.);
#434=ORIENTED_EDGE('',*,*,#704,.T.);
#435=ORIENTED_EDGE('',*,*,#637,.T.);
#436=ORIENTED_EDGE('',*,*,#707,.F.);
#437=ORIENTED_EDGE('',*,*,#708,.F.);
#438=ORIENTED_EDGE('',*,*,#709,.T.);
#439=ORIENTED_EDGE('',*,*,#708,.T.);
#440=ORIENTED_EDGE('',*,*,#710,.F.);
#441=ORIENTED_EDGE('',*,*,#711,.F.);
#442=ORIENTED_EDGE('',*,*,#712,.T.);
#443=ORIENTED_EDGE('',*,*,#711,.T.);
#444=ORIENTED_EDGE('',*,*,#713,.F.);
#445=ORIENTED_EDGE('',*,*,#653,.F.);
#446=ORIENTED_EDGE('',*,*,#706,.F.);
#447=ORIENTED_EDGE('',*,*,#714,.T.);
#448=ORIENTED_EDGE('',*,*,#654,.T.);
#449=ORIENTED_EDGE('',*,*,#713,.T.);
#450=ORIENTED_EDGE('',*,*,#710,.T.);
#451=ORIENTED_EDGE('',*,*,#707,.T.);
#452=ORIENTED_EDGE('',*,*,#705,.F.);
#453=ORIENTED_EDGE('',*,*,#709,.F.);
#454=ORIENTED_EDGE('',*,*,#712,.F.);
#455=ORIENTED_EDGE('',*,*,#714,.F.);
#456=ORIENTED_EDGE('',*,*,#636,.F.);
#457=ORIENTED_EDGE('',*,*,#695,.T.);
#458=ORIENTED_EDGE('',*,*,#715,.F.);
#459=ORIENTED_EDGE('',*,*,#716,.F.);
#460=ORIENTED_EDGE('',*,*,#673,.T.);
#461=ORIENTED_EDGE('',*,*,#717,.T.);
#462=ORIENTED_EDGE('',*,*,#716,.T.);
#463=ORIENTED_EDGE('',*,*,#718,.F.);
#464=ORIENTED_EDGE('',*,*,#719,.F.);
#465=ORIENTED_EDGE('',*,*,#674,.T.);
#466=ORIENTED_EDGE('',*,*,#719,.T.);
#467=ORIENTED_EDGE('',*,*,#720,.F.);
#468=ORIENTED_EDGE('',*,*,#697,.F.);
#469=ORIENTED_EDGE('',*,*,#675,.T.);
#470=ORIENTED_EDGE('',*,*,#696,.T.);
#471=ORIENTED_EDGE('',*,*,#721,.F.);
#472=ORIENTED_EDGE('',*,*,#722,.F.);
#473=ORIENTED_EDGE('',*,*,#669,.T.);
#474=ORIENTED_EDGE('',*,*,#722,.T.);
#475=ORIENTED_EDGE('',*,*,#723,.F.);
#476=ORIENTED_EDGE('',*,*,#724,.F.);
#477=ORIENTED_EDGE('',*,*,#670,.T.);
#478=ORIENTED_EDGE('',*,*,#724,.T.);
#479=ORIENTED_EDGE('',*,*,#725,.F.);
#480=ORIENTED_EDGE('',*,*,#726,.F.);
#481=ORIENTED_EDGE('',*,*,#671,.T.);
#482=ORIENTED_EDGE('',*,*,#726,.T.);
#483=ORIENTED_EDGE('',*,*,#727,.F.);
#484=ORIENTED_EDGE('',*,*,#717,.F.);
#485=ORIENTED_EDGE('',*,*,#672,.T.);
#486=ORIENTED_EDGE('',*,*,#698,.T.);
#487=ORIENTED_EDGE('',*,*,#720,.T.);
#488=ORIENTED_EDGE('',*,*,#718,.T.);
#489=ORIENTED_EDGE('',*,*,#715,.T.);
#490=ORIENTED_EDGE('',*,*,#727,.T.);
#491=ORIENTED_EDGE('',*,*,#725,.T.);
#492=ORIENTED_EDGE('',*,*,#723,.T.);
#493=ORIENTED_EDGE('',*,*,#721,.T.);
#494=ORIENTED_EDGE('',*,*,#728,.F.);
#495=ORIENTED_EDGE('',*,*,#635,.T.);
#496=ORIENTED_EDGE('',*,*,#728,.T.);
#497=ORIENTED_EDGE('',*,*,#729,.T.);
#498=ORIENTED_EDGE('',*,*,#634,.T.);
#499=ORIENTED_EDGE('',*,*,#729,.F.);
#500=ORIENTED_EDGE('',*,*,#730,.T.);
#501=ORIENTED_EDGE('',*,*,#731,.T.);
#502=ORIENTED_EDGE('',*,*,#732,.F.);
#503=ORIENTED_EDGE('',*,*,#733,.T.);
#504=ORIENTED_EDGE('',*,*,#732,.T.);
#505=ORIENTED_EDGE('',*,*,#734,.T.);
#506=ORIENTED_EDGE('',*,*,#735,.F.);
#507=ORIENTED_EDGE('',*,*,#736,.F.);
#508=ORIENTED_EDGE('',*,*,#735,.T.);
#509=ORIENTED_EDGE('',*,*,#737,.T.);
#510=ORIENTED_EDGE('',*,*,#738,.F.);
#511=ORIENTED_EDGE('',*,*,#739,.F.);
#512=ORIENTED_EDGE('',*,*,#738,.T.);
#513=ORIENTED_EDGE('',*,*,#740,.T.);
#514=ORIENTED_EDGE('',*,*,#730,.F.);
#515=ORIENTED_EDGE('',*,*,#741,.T.);
#516=ORIENTED_EDGE('',*,*,#733,.F.);
#517=ORIENTED_EDGE('',*,*,#736,.T.);
#518=ORIENTED_EDGE('',*,*,#739,.T.);
#519=ORIENTED_EDGE('',*,*,#741,.F.);
#520=ORIENTED_EDGE('',*,*,#742,.F.);
#521=ORIENTED_EDGE('',*,*,#555,.F.);
#522=ORIENTED_EDGE('',*,*,#743,.F.);
#523=ORIENTED_EDGE('',*,*,#740,.F.);
#524=ORIENTED_EDGE('',*,*,#743,.T.);
#525=ORIENTED_EDGE('',*,*,#554,.F.);
#526=ORIENTED_EDGE('',*,*,#744,.F.);
#527=ORIENTED_EDGE('',*,*,#731,.F.);
#528=ORIENTED_EDGE('',*,*,#742,.T.);
#529=ORIENTED_EDGE('',*,*,#737,.F.);
#530=ORIENTED_EDGE('',*,*,#745,.F.);
#531=ORIENTED_EDGE('',*,*,#552,.F.);
#532=ORIENTED_EDGE('',*,*,#744,.T.);
#533=ORIENTED_EDGE('',*,*,#553,.F.);
#534=ORIENTED_EDGE('',*,*,#745,.T.);
#535=ORIENTED_EDGE('',*,*,#734,.F.);
#536=ORIENTED_EDGE('',*,*,#746,.F.);
#537=ORIENTED_EDGE('',*,*,#559,.F.);
#538=ORIENTED_EDGE('',*,*,#747,.F.);
#539=ORIENTED_EDGE('',*,*,#702,.F.);
#540=ORIENTED_EDGE('',*,*,#747,.T.);
#541=ORIENTED_EDGE('',*,*,#558,.F.);
#542=ORIENTED_EDGE('',*,*,#748,.F.);
#543=ORIENTED_EDGE('',*,*,#700,.F.);
#544=ORIENTED_EDGE('',*,*,#746,.T.);
#545=ORIENTED_EDGE('',*,*,#703,.F.);
#546=ORIENTED_EDGE('',*,*,#749,.F.);
#547=ORIENTED_EDGE('',*,*,#556,.F.);
#548=ORIENTED_EDGE('',*,*,#748,.T.);
#549=ORIENTED_EDGE('',*,*,#557,.F.);
#550=ORIENTED_EDGE('',*,*,#749,.T.);
#551=ORIENTED_EDGE('',*,*,#687,.F.);
#552=EDGE_CURVE('',#750,#751,#904,.F.);
#553=EDGE_CURVE('',#751,#752,#905,.F.);
#554=EDGE_CURVE('',#752,#753,#906,.T.);
#555=EDGE_CURVE('',#753,#750,#907,.T.);
#556=EDGE_CURVE('',#754,#755,#908,.F.);
#557=EDGE_CURVE('',#755,#756,#909,.F.);
#558=EDGE_CURVE('',#756,#757,#910,.T.);
#559=EDGE_CURVE('',#757,#754,#911,.F.);
#560=EDGE_CURVE('',#758,#758,#28,.T.);
#561=EDGE_CURVE('',#759,#759,#29,.F.);
#562=EDGE_CURVE('',#760,#760,#30,.T.);
#563=EDGE_CURVE('',#761,#761,#31,.F.);
#564=EDGE_CURVE('',#762,#762,#32,.T.);
#565=EDGE_CURVE('',#763,#763,#33,.F.);
#566=EDGE_CURVE('',#764,#764,#34,.T.);
#567=EDGE_CURVE('',#765,#765,#35,.F.);
#568=EDGE_CURVE('',#766,#766,#36,.T.);
#569=EDGE_CURVE('',#767,#767,#37,.F.);
#570=EDGE_CURVE('',#768,#768,#38,.T.);
#571=EDGE_CURVE('',#769,#769,#39,.F.);
#572=EDGE_CURVE('',#770,#770,#40,.T.);
#573=EDGE_CURVE('',#771,#771,#41,.F.);
#574=EDGE_CURVE('',#772,#772,#42,.T.);
#575=EDGE_CURVE('',#773,#773,#43,.F.);
#576=EDGE_CURVE('',#774,#774,#44,.T.);
#577=EDGE_CURVE('',#775,#775,#45,.F.);
#578=EDGE_CURVE('',#776,#776,#46,.T.);
#579=EDGE_CURVE('',#777,#777,#47,.F.);
#580=EDGE_CURVE('',#778,#778,#48,.T.);
#581=EDGE_CURVE('',#779,#779,#49,.F.);
#582=EDGE_CURVE('',#780,#780,#50,.T.);
#583=EDGE_CURVE('',#781,#781,#51,.F.);
#584=EDGE_CURVE('',#782,#782,#52,.T.);
#585=EDGE_CURVE('',#783,#783,#53,.F.);
#586=EDGE_CURVE('',#784,#784,#54,.T.);
#587=EDGE_CURVE('',#785,#785,#55,.F.);
#588=EDGE_CURVE('',#786,#786,#56,.T.);
#589=EDGE_CURVE('',#787,#787,#57,.F.);
#590=EDGE_CURVE('',#788,#788,#58,.T.);
#591=EDGE_CURVE('',#789,#789,#59,.F.);
#592=EDGE_CURVE('',#790,#790,#60,.T.);
#593=EDGE_CURVE('',#791,#791,#61,.F.);
#594=EDGE_CURVE('',#792,#792,#62,.T.);
#595=EDGE_CURVE('',#793,#793,#63,.F.);
#596=EDGE_CURVE('',#794,#794,#64,.T.);
#597=EDGE_CURVE('',#795,#795,#65,.F.);
#598=EDGE_CURVE('',#796,#796,#66,.T.);
#599=EDGE_CURVE('',#797,#797,#67,.F.);
#600=EDGE_CURVE('',#798,#798,#68,.T.);
#601=EDGE_CURVE('',#799,#799,#69,.F.);
#602=EDGE_CURVE('',#800,#800,#70,.T.);
#603=EDGE_CURVE('',#801,#801,#71,.F.);
#604=EDGE_CURVE('',#802,#802,#72,.T.);
#605=EDGE_CURVE('',#803,#803,#73,.F.);
#606=EDGE_CURVE('',#804,#804,#74,.T.);
#607=EDGE_CURVE('',#805,#805,#75,.F.);
#608=EDGE_CURVE('',#806,#806,#76,.T.);
#609=EDGE_CURVE('',#807,#807,#77,.F.);
#610=EDGE_CURVE('',#808,#808,#78,.T.);
#611=EDGE_CURVE('',#809,#809,#79,.F.);
#612=EDGE_CURVE('',#810,#810,#80,.T.);
#613=EDGE_CURVE('',#811,#811,#81,.F.);
#614=EDGE_CURVE('',#812,#812,#82,.T.);
#615=EDGE_CURVE('',#813,#813,#83,.F.);
#616=EDGE_CURVE('',#814,#814,#84,.T.);
#617=EDGE_CURVE('',#815,#815,#85,.F.);
#618=EDGE_CURVE('',#816,#816,#86,.T.);
#619=EDGE_CURVE('',#817,#817,#87,.F.);
#620=EDGE_CURVE('',#818,#818,#88,.T.);
#621=EDGE_CURVE('',#819,#819,#89,.F.);
#622=EDGE_CURVE('',#820,#820,#90,.T.);
#623=EDGE_CURVE('',#821,#821,#91,.F.);
#624=EDGE_CURVE('',#822,#822,#92,.T.);
#625=EDGE_CURVE('',#823,#823,#93,.F.);
#626=EDGE_CURVE('',#824,#824,#94,.T.);
#627=EDGE_CURVE('',#825,#825,#95,.F.);
#628=EDGE_CURVE('',#826,#826,#96,.T.);
#629=EDGE_CURVE('',#827,#827,#97,.F.);
#630=EDGE_CURVE('',#828,#829,#912,.T.);
#631=EDGE_CURVE('',#828,#830,#913,.T.);
#632=EDGE_CURVE('',#830,#831,#914,.T.);
#633=EDGE_CURVE('',#829,#831,#915,.T.);
#634=EDGE_CURVE('',#832,#832,#98,.T.);
#635=EDGE_CURVE('',#833,#833,#99,.T.);
#636=EDGE_CURVE('',#834,#834,#100,.T.);
#637=EDGE_CURVE('',#835,#836,#916,.T.);
#638=EDGE_CURVE('',#837,#835,#917,.T.);
#639=EDGE_CURVE('',#837,#838,#918,.T.);
#640=EDGE_CURVE('',#838,#839,#919,.T.);
#641=EDGE_CURVE('',#839,#840,#920,.T.);
#642=EDGE_CURVE('',#840,#841,#921,.T.);
#643=EDGE_CURVE('',#841,#842,#922,.T.);
#644=EDGE_CURVE('',#842,#843,#923,.T.);
#645=EDGE_CURVE('',#843,#844,#924,.T.);
#646=EDGE_CURVE('',#845,#844,#925,.T.);
#647=EDGE_CURVE('',#846,#845,#926,.T.);
#648=EDGE_CURVE('',#847,#846,#927,.T.);
#649=EDGE_CURVE('',#848,#847,#928,.T.);
#650=EDGE_CURVE('',#849,#848,#929,.T.);
#651=EDGE_CURVE('',#850,#849,#930,.T.);
#652=EDGE_CURVE('',#851,#850,#931,.T.);
#653=EDGE_CURVE('',#851,#852,#932,.T.);
#654=EDGE_CURVE('',#836,#852,#933,.T.);
#655=EDGE_CURVE('',#853,#829,#934,.T.);
#656=EDGE_CURVE('',#854,#853,#935,.T.);
#657=EDGE_CURVE('',#854,#828,#936,.T.);
#658=EDGE_CURVE('',#855,#846,#937,.T.);
#659=EDGE_CURVE('',#856,#855,#938,.T.);
#660=EDGE_CURVE('',#856,#847,#939,.T.);
#661=EDGE_CURVE('',#857,#856,#940,.T.);
#662=EDGE_CURVE('',#857,#848,#941,.T.);
#663=EDGE_CURVE('',#858,#857,#942,.T.);
#664=EDGE_CURVE('',#858,#849,#943,.T.);
#665=EDGE_CURVE('',#859,#858,#944,.T.);
#666=EDGE_CURVE('',#859,#850,#945,.T.);
#667=EDGE_CURVE('',#835,#851,#946,.T.);
#668=EDGE_CURVE('',#860,#859,#947,.T.);
#669=EDGE_CURVE('',#861,#860,#948,.F.);
#670=EDGE_CURVE('',#862,#861,#949,.F.);
#671=EDGE_CURVE('',#863,#862,#950,.F.);
#672=EDGE_CURVE('',#864,#863,#951,.F.);
#673=EDGE_CURVE('',#865,#864,#952,.T.);
#674=EDGE_CURVE('',#866,#865,#953,.F.);
#675=EDGE_CURVE('',#867,#866,#954,.T.);
#676=EDGE_CURVE('',#868,#867,#955,.T.);
#677=EDGE_CURVE('',#868,#837,#956,.T.);
#678=EDGE_CURVE('',#868,#869,#957,.T.);
#679=EDGE_CURVE('',#869,#838,#958,.T.);
#680=EDGE_CURVE('',#869,#870,#959,.T.);
#681=EDGE_CURVE('',#870,#839,#960,.T.);
#682=EDGE_CURVE('',#870,#871,#961,.T.);
#683=EDGE_CURVE('',#871,#840,#962,.T.);
#684=EDGE_CURVE('',#871,#872,#963,.T.);
#685=EDGE_CURVE('',#872,#841,#964,.T.);
#686=EDGE_CURVE('',#873,#845,#965,.T.);
#687=EDGE_CURVE('',#873,#874,#966,.T.);
#688=EDGE_CURVE('',#874,#842,#967,.T.);
#689=EDGE_CURVE('',#872,#875,#968,.T.);
#690=EDGE_CURVE('',#875,#830,#969,.T.);
#691=EDGE_CURVE('',#855,#854,#970,.T.);
#692=EDGE_CURVE('',#875,#876,#971,.T.);
#693=EDGE_CURVE('',#876,#831,#972,.T.);
#694=EDGE_CURVE('',#853,#876,#973,.T.);
#695=EDGE_CURVE('',#877,#877,#101,.F.);
#696=EDGE_CURVE('',#860,#878,#974,.T.);
#697=EDGE_CURVE('',#867,#879,#975,.T.);
#698=EDGE_CURVE('',#878,#879,#976,.T.);
#699=EDGE_CURVE('',#880,#844,#977,.T.);
#700=EDGE_CURVE('',#880,#873,#978,.F.);
#701=EDGE_CURVE('',#881,#843,#979,.T.);
#702=EDGE_CURVE('',#881,#880,#980,.T.);
#703=EDGE_CURVE('',#874,#881,#981,.T.);
#704=EDGE_CURVE('',#882,#835,#982,.T.);
#705=EDGE_CURVE('',#882,#883,#983,.T.);
#706=EDGE_CURVE('',#883,#851,#984,.T.);
#707=EDGE_CURVE('',#884,#836,#102,.F.);
#708=EDGE_CURVE('',#885,#884,#985,.T.);
#709=EDGE_CURVE('',#885,#882,#103,.F.);
#710=EDGE_CURVE('',#886,#884,#986,.F.);
#711=EDGE_CURVE('',#887,#886,#987,.T.);
#712=EDGE_CURVE('',#887,#885,#988,.F.);
#713=EDGE_CURVE('',#852,#886,#104,.T.);
#714=EDGE_CURVE('',#883,#887,#105,.T.);
#715=EDGE_CURVE('',#888,#889,#989,.T.);
#716=EDGE_CURVE('',#865,#888,#990,.T.);
#717=EDGE_CURVE('',#864,#889,#991,.T.);
#718=EDGE_CURVE('',#890,#888,#992,.F.);
#719=EDGE_CURVE('',#866,#890,#993,.T.);
#720=EDGE_CURVE('',#879,#890,#994,.T.);
#721=EDGE_CURVE('',#891,#878,#995,.F.);
#722=EDGE_CURVE('',#861,#891,#996,.T.);
#723=EDGE_CURVE('',#892,#891,#997,.F.);
#724=EDGE_CURVE('',#862,#892,#998,.T.);
#725=EDGE_CURVE('',#893,#892,#999,.F.);
#726=EDGE_CURVE('',#863,#893,#1000,.T.);
#727=EDGE_CURVE('',#889,#893,#1001,.F.);
#728=EDGE_CURVE('',#894,#894,#106,.T.);
#729=EDGE_CURVE('',#895,#895,#107,.T.);
#730=EDGE_CURVE('',#896,#897,#1002,.T.);
#731=EDGE_CURVE('',#897,#898,#1003,.F.);
#732=EDGE_CURVE('',#899,#898,#1004,.T.);
#733=EDGE_CURVE('',#899,#896,#1005,.T.);
#734=EDGE_CURVE('',#898,#900,#1006,.T.);
#735=EDGE_CURVE('',#901,#900,#1007,.T.);
#736=EDGE_CURVE('',#899,#901,#1008,.T.);
#737=EDGE_CURVE('',#900,#902,#1009,.T.);
#738=EDGE_CURVE('',#903,#902,#1010,.T.);
#739=EDGE_CURVE('',#901,#903,#1011,.T.);
#740=EDGE_CURVE('',#902,#897,#1012,.F.);
#741=EDGE_CURVE('',#896,#903,#1013,.T.);
#742=EDGE_CURVE('',#750,#902,#20,.T.);
#743=EDGE_CURVE('',#897,#753,#21,.F.);
#744=EDGE_CURVE('',#898,#752,#22,.F.);
#745=EDGE_CURVE('',#751,#900,#23,.T.);
#746=EDGE_CURVE('',#754,#881,#24,.F.);
#747=EDGE_CURVE('',#880,#757,#25,.T.);
#748=EDGE_CURVE('',#873,#756,#26,.T.);
#749=EDGE_CURVE('',#755,#874,#27,.F.);
#750=VERTEX_POINT('',#2545);
#751=VERTEX_POINT('',#2546);
#752=VERTEX_POINT('',#2548);
#753=VERTEX_POINT('',#2550);
#754=VERTEX_POINT('',#2553);
#755=VERTEX_POINT('',#2554);
#756=VERTEX_POINT('',#2556);
#757=VERTEX_POINT('',#2558);
#758=VERTEX_POINT('',#2562);
#759=VERTEX_POINT('',#2564);
#760=VERTEX_POINT('',#2567);
#761=VERTEX_POINT('',#2569);
#762=VERTEX_POINT('',#2572);
#763=VERTEX_POINT('',#2574);
#764=VERTEX_POINT('',#2577);
#765=VERTEX_POINT('',#2579);
#766=VERTEX_POINT('',#2582);
#767=VERTEX_POINT('',#2584);
#768=VERTEX_POINT('',#2587);
#769=VERTEX_POINT('',#2589);
#770=VERTEX_POINT('',#2592);
#771=VERTEX_POINT('',#2594);
#772=VERTEX_POINT('',#2597);
#773=VERTEX_POINT('',#2599);
#774=VERTEX_POINT('',#2602);
#775=VERTEX_POINT('',#2604);
#776=VERTEX_POINT('',#2607);
#777=VERTEX_POINT('',#2609);
#778=VERTEX_POINT('',#2612);
#779=VERTEX_POINT('',#2614);
#780=VERTEX_POINT('',#2617);
#781=VERTEX_POINT('',#2619);
#782=VERTEX_POINT('',#2622);
#783=VERTEX_POINT('',#2624);
#784=VERTEX_POINT('',#2627);
#785=VERTEX_POINT('',#2629);
#786=VERTEX_POINT('',#2632);
#787=VERTEX_POINT('',#2634);
#788=VERTEX_POINT('',#2637);
#789=VERTEX_POINT('',#2639);
#790=VERTEX_POINT('',#2642);
#791=VERTEX_POINT('',#2644);
#792=VERTEX_POINT('',#2647);
#793=VERTEX_POINT('',#2649);
#794=VERTEX_POINT('',#2652);
#795=VERTEX_POINT('',#2654);
#796=VERTEX_POINT('',#2657);
#797=VERTEX_POINT('',#2659);
#798=VERTEX_POINT('',#2662);
#799=VERTEX_POINT('',#2664);
#800=VERTEX_POINT('',#2667);
#801=VERTEX_POINT('',#2669);
#802=VERTEX_POINT('',#2672);
#803=VERTEX_POINT('',#2674);
#804=VERTEX_POINT('',#2677);
#805=VERTEX_POINT('',#2679);
#806=VERTEX_POINT('',#2682);
#807=VERTEX_POINT('',#2684);
#808=VERTEX_POINT('',#2687);
#809=VERTEX_POINT('',#2689);
#810=VERTEX_POINT('',#2692);
#811=VERTEX_POINT('',#2694);
#812=VERTEX_POINT('',#2697);
#813=VERTEX_POINT('',#2699);
#814=VERTEX_POINT('',#2702);
#815=VERTEX_POINT('',#2704);
#816=VERTEX_POINT('',#2707);
#817=VERTEX_POINT('',#2709);
#818=VERTEX_POINT('',#2712);
#819=VERTEX_POINT('',#2714);
#820=VERTEX_POINT('',#2717);
#821=VERTEX_POINT('',#2719);
#822=VERTEX_POINT('',#2722);
#823=VERTEX_POINT('',#2724);
#824=VERTEX_POINT('',#2727);
#825=VERTEX_POINT('',#2729);
#826=VERTEX_POINT('',#2732);
#827=VERTEX_POINT('',#2734);
#828=VERTEX_POINT('',#2737);
#829=VERTEX_POINT('',#2738);
#830=VERTEX_POINT('',#2740);
#831=VERTEX_POINT('',#2742);
#832=VERTEX_POINT('',#2746);
#833=VERTEX_POINT('',#2748);
#834=VERTEX_POINT('',#2750);
#835=VERTEX_POINT('',#2752);
#836=VERTEX_POINT('',#2753);
#837=VERTEX_POINT('',#2755);
#838=VERTEX_POINT('',#2757);
#839=VERTEX_POINT('',#2759);
#840=VERTEX_POINT('',#2761);
#841=VERTEX_POINT('',#2763);
#842=VERTEX_POINT('',#2765);
#843=VERTEX_POINT('',#2767);
#844=VERTEX_POINT('',#2769);
#845=VERTEX_POINT('',#2771);
#846=VERTEX_POINT('',#2773);
#847=VERTEX_POINT('',#2775);
#848=VERTEX_POINT('',#2777);
#849=VERTEX_POINT('',#2779);
#850=VERTEX_POINT('',#2781);
#851=VERTEX_POINT('',#2783);
#852=VERTEX_POINT('',#2785);
#853=VERTEX_POINT('',#2789);
#854=VERTEX_POINT('',#2791);
#855=VERTEX_POINT('',#2795);
#856=VERTEX_POINT('',#2797);
#857=VERTEX_POINT('',#2801);
#858=VERTEX_POINT('',#2805);
#859=VERTEX_POINT('',#2809);
#860=VERTEX_POINT('',#2814);
#861=VERTEX_POINT('',#2816);
#862=VERTEX_POINT('',#2818);
#863=VERTEX_POINT('',#2820);
#864=VERTEX_POINT('',#2822);
#865=VERTEX_POINT('',#2824);
#866=VERTEX_POINT('',#2826);
#867=VERTEX_POINT('',#2828);
#868=VERTEX_POINT('',#2830);
#869=VERTEX_POINT('',#2834);
#870=VERTEX_POINT('',#2838);
#871=VERTEX_POINT('',#2842);
#872=VERTEX_POINT('',#2846);
#873=VERTEX_POINT('',#2850);
#874=VERTEX_POINT('',#2852);
#875=VERTEX_POINT('',#2855);
#876=VERTEX_POINT('',#2860);
#877=VERTEX_POINT('',#2866);
#878=VERTEX_POINT('',#2868);
#879=VERTEX_POINT('',#2870);
#880=VERTEX_POINT('',#2874);
#881=VERTEX_POINT('',#2878);
#882=VERTEX_POINT('',#2884);
#883=VERTEX_POINT('',#2886);
#884=VERTEX_POINT('',#2890);
#885=VERTEX_POINT('',#2892);
#886=VERTEX_POINT('',#2896);
#887=VERTEX_POINT('',#2898);
#888=VERTEX_POINT('',#2908);
#889=VERTEX_POINT('',#2909);
#890=VERTEX_POINT('',#2914);
#891=VERTEX_POINT('',#2920);
#892=VERTEX_POINT('',#2924);
#893=VERTEX_POINT('',#2928);
#894=VERTEX_POINT('',#2935);
#895=VERTEX_POINT('',#2939);
#896=VERTEX_POINT('',#2943);
#897=VERTEX_POINT('',#2944);
#898=VERTEX_POINT('',#2946);
#899=VERTEX_POINT('',#2948);
#900=VERTEX_POINT('',#2952);
#901=VERTEX_POINT('',#2954);
#902=VERTEX_POINT('',#2958);
#903=VERTEX_POINT('',#2960);
#904=LINE('',#2544,#1014);
#905=LINE('',#2547,#1015);
#906=LINE('',#2549,#1016);
#907=LINE('',#2551,#1017);
#908=LINE('',#2552,#1018);
#909=LINE('',#2555,#1019);
#910=LINE('',#2557,#1020);
#911=LINE('',#2559,#1021);
#912=LINE('',#2736,#1022);
#913=LINE('',#2739,#1023);
#914=LINE('',#2741,#1024);
#915=LINE('',#2743,#1025);
#916=LINE('',#2751,#1026);
#917=LINE('',#2754,#1027);
#918=LINE('',#2756,#1028);
#919=LINE('',#2758,#1029);
#920=LINE('',#2760,#1030);
#921=LINE('',#2762,#1031);
#922=LINE('',#2764,#1032);
#923=LINE('',#2766,#1033);
#924=LINE('',#2768,#1034);
#925=LINE('',#2770,#1035);
#926=LINE('',#2772,#1036);
#927=LINE('',#2774,#1037);
#928=LINE('',#2776,#1038);
#929=LINE('',#2778,#1039);
#930=LINE('',#2780,#1040);
#931=LINE('',#2782,#1041);
#932=LINE('',#2784,#1042);
#933=LINE('',#2786,#1043);
#934=LINE('',#2788,#1044);
#935=LINE('',#2790,#1045);
#936=LINE('',#2792,#1046);
#937=LINE('',#2794,#1047);
#938=LINE('',#2796,#1048);
#939=LINE('',#2798,#1049);
#940=LINE('',#2800,#1050);
#941=LINE('',#2802,#1051);
#942=LINE('',#2804,#1052);
#943=LINE('',#2806,#1053);
#944=LINE('',#2808,#1054);
#945=LINE('',#2810,#1055);
#946=LINE('',#2812,#1056);
#947=LINE('',#2813,#1057);
#948=LINE('',#2815,#1058);
#949=LINE('',#2817,#1059);
#950=LINE('',#2819,#1060);
#951=LINE('',#2821,#1061);
#952=LINE('',#2823,#1062);
#953=LINE('',#2825,#1063);
#954=LINE('',#2827,#1064);
#955=LINE('',#2829,#1065);
#956=LINE('',#2831,#1066);
#957=LINE('',#2833,#1067);
#958=LINE('',#2835,#1068);
#959=LINE('',#2837,#1069);
#960=LINE('',#2839,#1070);
#961=LINE('',#2841,#1071);
#962=LINE('',#2843,#1072);
#963=LINE('',#2845,#1073);
#964=LINE('',#2847,#1074);
#965=LINE('',#2849,#1075);
#966=LINE('',#2851,#1076);
#967=LINE('',#2853,#1077);
#968=LINE('',#2854,#1078);
#969=LINE('',#2856,#1079);
#970=LINE('',#2857,#1080);
#971=LINE('',#2859,#1081);
#972=LINE('',#2861,#1082);
#973=LINE('',#2863,#1083);
#974=LINE('',#2867,#1084);
#975=LINE('',#2869,#1085);
#976=LINE('',#2871,#1086);
#977=LINE('',#2873,#1087);
#978=LINE('',#2875,#1088);
#979=LINE('',#2877,#1089);
#980=LINE('',#2879,#1090);
#981=LINE('',#2881,#1091);
#982=LINE('',#2883,#1092);
#983=LINE('',#2885,#1093);
#984=LINE('',#2887,#1094);
#985=LINE('',#2891,#1095);
#986=LINE('',#2895,#1096);
#987=LINE('',#2897,#1097);
#988=LINE('',#2899,#1098);
#989=LINE('',#2907,#1099);
#990=LINE('',#2910,#1100);
#991=LINE('',#2911,#1101);
#992=LINE('',#2913,#1102);
#993=LINE('',#2915,#1103);
#994=LINE('',#2917,#1104);
#995=LINE('',#2919,#1105);
#996=LINE('',#2921,#1106);
#997=LINE('',#2923,#1107);
#998=LINE('',#2925,#1108);
#999=LINE('',#2927,#1109);
#1000=LINE('',#2929,#1110);
#1001=LINE('',#2931,#1111);
#1002=LINE('',#2942,#1112);
#1003=LINE('',#2945,#1113);
#1004=LINE('',#2947,#1114);
#1005=LINE('',#2949,#1115);
#1006=LINE('',#2951,#1116);
#1007=LINE('',#2953,#1117);
#1008=LINE('',#2955,#1118);
#1009=LINE('',#2957,#1119);
#1010=LINE('',#2959,#1120);
#1011=LINE('',#2961,#1121);
#1012=LINE('',#2963,#1122);
#1013=LINE('',#2964,#1123);
#1014=VECTOR('',#2084,1.);
#1015=VECTOR('',#2085,1.);
#1016=VECTOR('',#2086,1.);
#1017=VECTOR('',#2087,1.);
#1018=VECTOR('',#2088,1.);
#1019=VECTOR('',#2089,1.);
#1020=VECTOR('',#2090,1.);
#1021=VECTOR('',#2091,1.);
#1022=VECTOR('',#2304,1.);
#1023=VECTOR('',#2305,1.);
#1024=VECTOR('',#2306,1.);
#1025=VECTOR('',#2307,1.);
#1026=VECTOR('',#2316,1.);
#1027=VECTOR('',#2317,1.);
#1028=VECTOR('',#2318,1.);
#1029=VECTOR('',#2319,1.);
#1030=VECTOR('',#2320,1.);
#1031=VECTOR('',#2321,1.);
#1032=VECTOR('',#2322,1.);
#1033=VECTOR('',#2323,1.);
#1034=VECTOR('',#2324,1.);
#1035=VECTOR('',#2325,1.);
#1036=VECTOR('',#2326,1.);
#1037=VECTOR('',#2327,1.);
#1038=VECTOR('',#2328,1.);
#1039=VECTOR('',#2329,1.);
#1040=VECTOR('',#2330,1.);
#1041=VECTOR('',#2331,1.);
#1042=VECTOR('',#2332,1.);
#1043=VECTOR('',#2333,1.);
#1044=VECTOR('',#2336,1.);
#1045=VECTOR('',#2337,1.);
#1046=VECTOR('',#2338,1.);
#1047=VECTOR('',#2341,1.);
#1048=VECTOR('',#2342,1.);
#1049=VECTOR('',#2343,1.);
#1050=VECTOR('',#2346,1.);
#1051=VECTOR('',#2347,1.);
#1052=VECTOR('',#2350,1.);
#1053=VECTOR('',#2351,1.);
#1054=VECTOR('',#2354,1.);
#1055=VECTOR('',#2355,1.);
#1056=VECTOR('',#2358,1.);
#1057=VECTOR('',#2359,1.);
#1058=VECTOR('',#2360,1.);
#1059=VECTOR('',#2361,1.);
#1060=VECTOR('',#2362,1.);
#1061=VECTOR('',#2363,1.);
#1062=VECTOR('',#2364,1.);
#1063=VECTOR('',#2365,1.);
#1064=VECTOR('',#2366,1.);
#1065=VECTOR('',#2367,1.);
#1066=VECTOR('',#2368,1.);
#1067=VECTOR('',#2371,1.);
#1068=VECTOR('',#2372,1.);
#1069=VECTOR('',#2375,1.);
#1070=VECTOR('',#2376,1.);
#1071=VECTOR('',#2379,1.);
#1072=VECTOR('',#2380,1.);
#1073=VECTOR('',#2383,1.);
#1074=VECTOR('',#2384,1.);
#1075=VECTOR('',#2387,1.);
#1076=VECTOR('',#2388,1.);
#1077=VECTOR('',#2389,1.);
#1078=VECTOR('',#2390,1.);
#1079=VECTOR('',#2391,1.);
#1080=VECTOR('',#2392,1.);
#1081=VECTOR('',#2395,1.);
#1082=VECTOR('',#2396,1.);
#1083=VECTOR('',#2399,1.);
#1084=VECTOR('',#2404,1.);
#1085=VECTOR('',#2405,1.);
#1086=VECTOR('',#2406,1.);
#1087=VECTOR('',#2409,1.);
#1088=VECTOR('',#2410,1.);
#1089=VECTOR('',#2413,1.);
#1090=VECTOR('',#2414,1.);
#1091=VECTOR('',#2417,1.);
#1092=VECTOR('',#2420,1.);
#1093=VECTOR('',#2421,1.);
#1094=VECTOR('',#2422,1.);
#1095=VECTOR('',#2427,1.);
#1096=VECTOR('',#2432,1.);
#1097=VECTOR('',#2433,1.);
#1098=VECTOR('',#2434,1.);
#1099=VECTOR('',#2449,1.);
#1100=VECTOR('',#2450,1.);
#1101=VECTOR('',#2451,1.);
#1102=VECTOR('',#2454,1.);
#1103=VECTOR('',#2455,1.);
#1104=VECTOR('',#2458,1.);
#1105=VECTOR('',#2461,1.);
#1106=VECTOR('',#2462,1.);
#1107=VECTOR('',#2465,1.);
#1108=VECTOR('',#2466,1.);
#1109=VECTOR('',#2469,1.);
#1110=VECTOR('',#2470,1.);
#1111=VECTOR('',#2473,1.);
#1112=VECTOR('',#2490,1.);
#1113=VECTOR('',#2491,1.);
#1114=VECTOR('',#2492,1.);
#1115=VECTOR('',#2493,1.);
#1116=VECTOR('',#2496,1.);
#1117=VECTOR('',#2497,1.);
#1118=VECTOR('',#2498,1.);
#1119=VECTOR('',#2501,1.);
#1120=VECTOR('',#2502,1.);
#1121=VECTOR('',#2503,1.);
#1122=VECTOR('',#2506,1.);
#1123=VECTOR('',#2507,1.);
#1124=EDGE_LOOP('',(#156,#157,#158,#159));
#1125=EDGE_LOOP('',(#160,#161,#162,#163));
#1126=EDGE_LOOP('',(#164));
#1127=EDGE_LOOP('',(#165));
#1128=EDGE_LOOP('',(#166));
#1129=EDGE_LOOP('',(#167));
#1130=EDGE_LOOP('',(#168));
#1131=EDGE_LOOP('',(#169));
#1132=EDGE_LOOP('',(#170));
#1133=EDGE_LOOP('',(#171));
#1134=EDGE_LOOP('',(#172));
#1135=EDGE_LOOP('',(#173));
#1136=EDGE_LOOP('',(#174));
#1137=EDGE_LOOP('',(#175));
#1138=EDGE_LOOP('',(#176));
#1139=EDGE_LOOP('',(#177));
#1140=EDGE_LOOP('',(#178));
#1141=EDGE_LOOP('',(#179));
#1142=EDGE_LOOP('',(#180));
#1143=EDGE_LOOP('',(#181));
#1144=EDGE_LOOP('',(#182));
#1145=EDGE_LOOP('',(#183));
#1146=EDGE_LOOP('',(#184));
#1147=EDGE_LOOP('',(#185));
#1148=EDGE_LOOP('',(#186));
#1149=EDGE_LOOP('',(#187));
#1150=EDGE_LOOP('',(#188));
#1151=EDGE_LOOP('',(#189));
#1152=EDGE_LOOP('',(#190));
#1153=EDGE_LOOP('',(#191));
#1154=EDGE_LOOP('',(#192));
#1155=EDGE_LOOP('',(#193));
#1156=EDGE_LOOP('',(#194));
#1157=EDGE_LOOP('',(#195));
#1158=EDGE_LOOP('',(#196));
#1159=EDGE_LOOP('',(#197));
#1160=EDGE_LOOP('',(#198));
#1161=EDGE_LOOP('',(#199));
#1162=EDGE_LOOP('',(#200));
#1163=EDGE_LOOP('',(#201));
#1164=EDGE_LOOP('',(#202));
#1165=EDGE_LOOP('',(#203));
#1166=EDGE_LOOP('',(#204));
#1167=EDGE_LOOP('',(#205));
#1168=EDGE_LOOP('',(#206));
#1169=EDGE_LOOP('',(#207));
#1170=EDGE_LOOP('',(#208));
#1171=EDGE_LOOP('',(#209));
#1172=EDGE_LOOP('',(#210));
#1173=EDGE_LOOP('',(#211));
#1174=EDGE_LOOP('',(#212));
#1175=EDGE_LOOP('',(#213));
#1176=EDGE_LOOP('',(#214));
#1177=EDGE_LOOP('',(#215));
#1178=EDGE_LOOP('',(#216));
#1179=EDGE_LOOP('',(#217));
#1180=EDGE_LOOP('',(#218));
#1181=EDGE_LOOP('',(#219));
#1182=EDGE_LOOP('',(#220));
#1183=EDGE_LOOP('',(#221));
#1184=EDGE_LOOP('',(#222));
#1185=EDGE_LOOP('',(#223));
#1186=EDGE_LOOP('',(#224));
#1187=EDGE_LOOP('',(#225));
#1188=EDGE_LOOP('',(#226));
#1189=EDGE_LOOP('',(#227));
#1190=EDGE_LOOP('',(#228));
#1191=EDGE_LOOP('',(#229));
#1192=EDGE_LOOP('',(#230));
#1193=EDGE_LOOP('',(#231));
#1194=EDGE_LOOP('',(#232));
#1195=EDGE_LOOP('',(#233));
#1196=EDGE_LOOP('',(#234,#235,#236,#237));
#1197=EDGE_LOOP('',(#238));
#1198=EDGE_LOOP('',(#239));
#1199=EDGE_LOOP('',(#240));
#1200=EDGE_LOOP('',(#241));
#1201=EDGE_LOOP('',(#242));
#1202=EDGE_LOOP('',(#243));
#1203=EDGE_LOOP('',(#244));
#1204=EDGE_LOOP('',(#245));
#1205=EDGE_LOOP('',(#246));
#1206=EDGE_LOOP('',(#247));
#1207=EDGE_LOOP('',(#248));
#1208=EDGE_LOOP('',(#249));
#1209=EDGE_LOOP('',(#250));
#1210=EDGE_LOOP('',(#251));
#1211=EDGE_LOOP('',(#252));
#1212=EDGE_LOOP('',(#253));
#1213=EDGE_LOOP('',(#254));
#1214=EDGE_LOOP('',(#255));
#1215=EDGE_LOOP('',(#256));
#1216=EDGE_LOOP('',(#257));
#1217=EDGE_LOOP('',(#258));
#1218=EDGE_LOOP('',(#259));
#1219=EDGE_LOOP('',(#260));
#1220=EDGE_LOOP('',(#261));
#1221=EDGE_LOOP('',(#262));
#1222=EDGE_LOOP('',(#263));
#1223=EDGE_LOOP('',(#264));
#1224=EDGE_LOOP('',(#265));
#1225=EDGE_LOOP('',(#266));
#1226=EDGE_LOOP('',(#267));
#1227=EDGE_LOOP('',(#268));
#1228=EDGE_LOOP('',(#269));
#1229=EDGE_LOOP('',(#270));
#1230=EDGE_LOOP('',(#271));
#1231=EDGE_LOOP('',(#272));
#1232=EDGE_LOOP('',(#273));
#1233=EDGE_LOOP('',(#274));
#1234=EDGE_LOOP('',(#275));
#1235=EDGE_LOOP('',(#276,#277,#278,#279,#280,#281,#282,#283,#284,#285,#286,
#287,#288,#289,#290,#291,#292,#293));
#1236=EDGE_LOOP('',(#294,#295,#296,#297));
#1237=EDGE_LOOP('',(#298,#299,#300,#301));
#1238=EDGE_LOOP('',(#302,#303,#304,#305));
#1239=EDGE_LOOP('',(#306,#307,#308,#309));
#1240=EDGE_LOOP('',(#310,#311,#312,#313));
#1241=EDGE_LOOP('',(#314,#315,#316,#317,#318,#319,#320,#321,#322,#323,#324,
#325,#326,#327));
#1242=EDGE_LOOP('',(#328,#329,#330,#331));
#1243=EDGE_LOOP('',(#332,#333,#334,#335));
#1244=EDGE_LOOP('',(#336,#337,#338,#339));
#1245=EDGE_LOOP('',(#340,#341,#342,#343));
#1246=EDGE_LOOP('',(#344,#345,#346,#347,#348,#349,#350,#351,#352,#353,#354,
#355));
#1247=EDGE_LOOP('',(#356,#357,#358,#359));
#1248=EDGE_LOOP('',(#360,#361,#362,#363));
#1249=EDGE_LOOP('',(#364));
#1250=EDGE_LOOP('',(#365));
#1251=EDGE_LOOP('',(#366));
#1252=EDGE_LOOP('',(#367));
#1253=EDGE_LOOP('',(#368));
#1254=EDGE_LOOP('',(#369));
#1255=EDGE_LOOP('',(#370));
#1256=EDGE_LOOP('',(#371));
#1257=EDGE_LOOP('',(#372));
#1258=EDGE_LOOP('',(#373));
#1259=EDGE_LOOP('',(#374));
#1260=EDGE_LOOP('',(#375));
#1261=EDGE_LOOP('',(#376));
#1262=EDGE_LOOP('',(#377));
#1263=EDGE_LOOP('',(#378));
#1264=EDGE_LOOP('',(#379));
#1265=EDGE_LOOP('',(#380));
#1266=EDGE_LOOP('',(#381));
#1267=EDGE_LOOP('',(#382));
#1268=EDGE_LOOP('',(#383));
#1269=EDGE_LOOP('',(#384));
#1270=EDGE_LOOP('',(#385));
#1271=EDGE_LOOP('',(#386));
#1272=EDGE_LOOP('',(#387));
#1273=EDGE_LOOP('',(#388));
#1274=EDGE_LOOP('',(#389));
#1275=EDGE_LOOP('',(#390));
#1276=EDGE_LOOP('',(#391));
#1277=EDGE_LOOP('',(#392));
#1278=EDGE_LOOP('',(#393));
#1279=EDGE_LOOP('',(#394));
#1280=EDGE_LOOP('',(#395));
#1281=EDGE_LOOP('',(#396));
#1282=EDGE_LOOP('',(#397));
#1283=EDGE_LOOP('',(#398));
#1284=EDGE_LOOP('',(#399));
#1285=EDGE_LOOP('',(#400,#401,#402,#403,#404,#405,#406,#407,#408,#409,#410,
#411,#412,#413,#414,#415,#416,#417));
#1286=EDGE_LOOP('',(#418,#419,#420,#421));
#1287=EDGE_LOOP('',(#422,#423,#424,#425));
#1288=EDGE_LOOP('',(#426,#427,#428,#429));
#1289=EDGE_LOOP('',(#430,#431,#432,#433));
#1290=EDGE_LOOP('',(#434,#435,#436,#437,#438));
#1291=EDGE_LOOP('',(#439,#440,#441,#442));
#1292=EDGE_LOOP('',(#443,#444,#445,#446,#447));
#1293=EDGE_LOOP('',(#448,#449,#450,#451));
#1294=EDGE_LOOP('',(#452,#453,#454,#455));
#1295=EDGE_LOOP('',(#456));
#1296=EDGE_LOOP('',(#457));
#1297=EDGE_LOOP('',(#458,#459,#460,#461));
#1298=EDGE_LOOP('',(#462,#463,#464,#465));
#1299=EDGE_LOOP('',(#466,#467,#468,#469));
#1300=EDGE_LOOP('',(#470,#471,#472,#473));
#1301=EDGE_LOOP('',(#474,#475,#476,#477));
#1302=EDGE_LOOP('',(#478,#479,#480,#481));
#1303=EDGE_LOOP('',(#482,#483,#484,#485));
#1304=EDGE_LOOP('',(#486,#487,#488,#489,#490,#491,#492,#493));
#1305=EDGE_LOOP('',(#494));
#1306=EDGE_LOOP('',(#495));
#1307=EDGE_LOOP('',(#496));
#1308=EDGE_LOOP('',(#497));
#1309=EDGE_LOOP('',(#498));
#1310=EDGE_LOOP('',(#499));
#1311=EDGE_LOOP('',(#500,#501,#502,#503));
#1312=EDGE_LOOP('',(#504,#505,#506,#507));
#1313=EDGE_LOOP('',(#508,#509,#510,#511));
#1314=EDGE_LOOP('',(#512,#513,#514,#515));
#1315=EDGE_LOOP('',(#516,#517,#518,#519));
#1316=EDGE_LOOP('',(#520,#521,#522,#523));
#1317=EDGE_LOOP('',(#524,#525,#526,#527));
#1318=EDGE_LOOP('',(#528,#529,#530,#531));
#1319=EDGE_LOOP('',(#532,#533,#534,#535));
#1320=EDGE_LOOP('',(#536,#537,#538,#539));
#1321=EDGE_LOOP('',(#540,#541,#542,#543));
#1322=EDGE_LOOP('',(#544,#545,#546,#547));
#1323=EDGE_LOOP('',(#548,#549,#550,#551));
#1324=FACE_BOUND('',#1124,.T.);
#1325=FACE_BOUND('',#1125,.T.);
#1326=FACE_BOUND('',#1126,.T.);
#1327=FACE_BOUND('',#1127,.T.);
#1328=FACE_BOUND('',#1128,.T.);
#1329=FACE_BOUND('',#1129,.T.);
#1330=FACE_BOUND('',#1130,.T.);
#1331=FACE_BOUND('',#1131,.T.);
#1332=FACE_BOUND('',#1132,.T.);
#1333=FACE_BOUND('',#1133,.T.);
#1334=FACE_BOUND('',#1134,.T.);
#1335=FACE_BOUND('',#1135,.T.);
#1336=FACE_BOUND('',#1136,.T.);
#1337=FACE_BOUND('',#1137,.T.);
#1338=FACE_BOUND('',#1138,.T.);
#1339=FACE_BOUND('',#1139,.T.);
#1340=FACE_BOUND('',#1140,.T.);
#1341=FACE_BOUND('',#1141,.T.);
#1342=FACE_BOUND('',#1142,.T.);
#1343=FACE_BOUND('',#1143,.T.);
#1344=FACE_BOUND('',#1144,.T.);
#1345=FACE_BOUND('',#1145,.T.);
#1346=FACE_BOUND('',#1146,.T.);
#1347=FACE_BOUND('',#1147,.T.);
#1348=FACE_BOUND('',#1148,.T.);
#1349=FACE_BOUND('',#1149,.T.);
#1350=FACE_BOUND('',#1150,.T.);
#1351=FACE_BOUND('',#1151,.T.);
#1352=FACE_BOUND('',#1152,.T.);
#1353=FACE_BOUND('',#1153,.T.);
#1354=FACE_BOUND('',#1154,.T.);
#1355=FACE_BOUND('',#1155,.T.);
#1356=FACE_BOUND('',#1156,.T.);
#1357=FACE_BOUND('',#1157,.T.);
#1358=FACE_BOUND('',#1158,.T.);
#1359=FACE_BOUND('',#1159,.T.);
#1360=FACE_BOUND('',#1160,.T.);
#1361=FACE_BOUND('',#1161,.T.);
#1362=FACE_BOUND('',#1162,.T.);
#1363=FACE_BOUND('',#1163,.T.);
#1364=FACE_BOUND('',#1164,.T.);
#1365=FACE_BOUND('',#1165,.T.);
#1366=FACE_BOUND('',#1166,.T.);
#1367=FACE_BOUND('',#1167,.T.);
#1368=FACE_BOUND('',#1168,.T.);
#1369=FACE_BOUND('',#1169,.T.);
#1370=FACE_BOUND('',#1170,.T.);
#1371=FACE_BOUND('',#1171,.T.);
#1372=FACE_BOUND('',#1172,.T.);
#1373=FACE_BOUND('',#1173,.T.);
#1374=FACE_BOUND('',#1174,.T.);
#1375=FACE_BOUND('',#1175,.T.);
#1376=FACE_BOUND('',#1176,.T.);
#1377=FACE_BOUND('',#1177,.T.);
#1378=FACE_BOUND('',#1178,.T.);
#1379=FACE_BOUND('',#1179,.T.);
#1380=FACE_BOUND('',#1180,.T.);
#1381=FACE_BOUND('',#1181,.T.);
#1382=FACE_BOUND('',#1182,.T.);
#1383=FACE_BOUND('',#1183,.T.);
#1384=FACE_BOUND('',#1184,.T.);
#1385=FACE_BOUND('',#1185,.T.);
#1386=FACE_BOUND('',#1186,.T.);
#1387=FACE_BOUND('',#1187,.T.);
#1388=FACE_BOUND('',#1188,.T.);
#1389=FACE_BOUND('',#1189,.T.);
#1390=FACE_BOUND('',#1190,.T.);
#1391=FACE_BOUND('',#1191,.T.);
#1392=FACE_BOUND('',#1192,.T.);
#1393=FACE_BOUND('',#1193,.T.);
#1394=FACE_BOUND('',#1194,.T.);
#1395=FACE_BOUND('',#1195,.T.);
#1396=FACE_BOUND('',#1196,.T.);
#1397=FACE_BOUND('',#1197,.T.);
#1398=FACE_BOUND('',#1198,.T.);
#1399=FACE_BOUND('',#1199,.T.);
#1400=FACE_BOUND('',#1200,.T.);
#1401=FACE_BOUND('',#1201,.T.);
#1402=FACE_BOUND('',#1202,.T.);
#1403=FACE_BOUND('',#1203,.T.);
#1404=FACE_BOUND('',#1204,.T.);
#1405=FACE_BOUND('',#1205,.T.);
#1406=FACE_BOUND('',#1206,.T.);
#1407=FACE_BOUND('',#1207,.T.);
#1408=FACE_BOUND('',#1208,.T.);
#1409=FACE_BOUND('',#1209,.T.);
#1410=FACE_BOUND('',#1210,.T.);
#1411=FACE_BOUND('',#1211,.T.);
#1412=FACE_BOUND('',#1212,.T.);
#1413=FACE_BOUND('',#1213,.T.);
#1414=FACE_BOUND('',#1214,.T.);
#1415=FACE_BOUND('',#1215,.T.);
#1416=FACE_BOUND('',#1216,.T.);
#1417=FACE_BOUND('',#1217,.T.);
#1418=FACE_BOUND('',#1218,.T.);
#1419=FACE_BOUND('',#1219,.T.);
#1420=FACE_BOUND('',#1220,.T.);
#1421=FACE_BOUND('',#1221,.T.);
#1422=FACE_BOUND('',#1222,.T.);
#1423=FACE_BOUND('',#1223,.T.);
#1424=FACE_BOUND('',#1224,.T.);
#1425=FACE_BOUND('',#1225,.T.);
#1426=FACE_BOUND('',#1226,.T.);
#1427=FACE_BOUND('',#1227,.T.);
#1428=FACE_BOUND('',#1228,.T.);
#1429=FACE_BOUND('',#1229,.T.);
#1430=FACE_BOUND('',#1230,.T.);
#1431=FACE_BOUND('',#1231,.T.);
#1432=FACE_BOUND('',#1232,.T.);
#1433=FACE_BOUND('',#1233,.T.);
#1434=FACE_BOUND('',#1234,.T.);
#1435=FACE_BOUND('',#1235,.T.);
#1436=FACE_BOUND('',#1236,.T.);
#1437=FACE_BOUND('',#1237,.T.);
#1438=FACE_BOUND('',#1238,.T.);
#1439=FACE_BOUND('',#1239,.T.);
#1440=FACE_BOUND('',#1240,.T.);
#1441=FACE_BOUND('',#1241,.T.);
#1442=FACE_BOUND('',#1242,.T.);
#1443=FACE_BOUND('',#1243,.T.);
#1444=FACE_BOUND('',#1244,.T.);
#1445=FACE_BOUND('',#1245,.T.);
#1446=FACE_BOUND('',#1246,.T.);
#1447=FACE_BOUND('',#1247,.T.);
#1448=FACE_BOUND('',#1248,.T.);
#1449=FACE_BOUND('',#1249,.T.);
#1450=FACE_BOUND('',#1250,.T.);
#1451=FACE_BOUND('',#1251,.T.);
#1452=FACE_BOUND('',#1252,.T.);
#1453=FACE_BOUND('',#1253,.T.);
#1454=FACE_BOUND('',#1254,.T.);
#1455=FACE_BOUND('',#1255,.T.);
#1456=FACE_BOUND('',#1256,.T.);
#1457=FACE_BOUND('',#1257,.T.);
#1458=FACE_BOUND('',#1258,.T.);
#1459=FACE_BOUND('',#1259,.T.);
#1460=FACE_BOUND('',#1260,.T.);
#1461=FACE_BOUND('',#1261,.T.);
#1462=FACE_BOUND('',#1262,.T.);
#1463=FACE_BOUND('',#1263,.T.);
#1464=FACE_BOUND('',#1264,.T.);
#1465=FACE_BOUND('',#1265,.T.);
#1466=FACE_BOUND('',#1266,.T.);
#1467=FACE_BOUND('',#1267,.T.);
#1468=FACE_BOUND('',#1268,.T.);
#1469=FACE_BOUND('',#1269,.T.);
#1470=FACE_BOUND('',#1270,.T.);
#1471=FACE_BOUND('',#1271,.T.);
#1472=FACE_BOUND('',#1272,.T.);
#1473=FACE_BOUND('',#1273,.T.);
#1474=FACE_BOUND('',#1274,.T.);
#1475=FACE_BOUND('',#1275,.T.);
#1476=FACE_BOUND('',#1276,.T.);
#1477=FACE_BOUND('',#1277,.T.);
#1478=FACE_BOUND('',#1278,.T.);
#1479=FACE_BOUND('',#1279,.T.);
#1480=FACE_BOUND('',#1280,.T.);
#1481=FACE_BOUND('',#1281,.T.);
#1482=FACE_BOUND('',#1282,.T.);
#1483=FACE_BOUND('',#1283,.T.);
#1484=FACE_BOUND('',#1284,.T.);
#1485=FACE_BOUND('',#1285,.T.);
#1486=FACE_BOUND('',#1286,.T.);
#1487=FACE_BOUND('',#1287,.T.);
#1488=FACE_BOUND('',#1288,.T.);
#1489=FACE_BOUND('',#1289,.T.);
#1490=FACE_BOUND('',#1290,.T.);
#1491=FACE_BOUND('',#1291,.T.);
#1492=FACE_BOUND('',#1292,.T.);
#1493=FACE_BOUND('',#1293,.T.);
#1494=FACE_BOUND('',#1294,.T.);
#1495=FACE_BOUND('',#1295,.T.);
#1496=FACE_BOUND('',#1296,.T.);
#1497=FACE_BOUND('',#1297,.T.);
#1498=FACE_BOUND('',#1298,.T.);
#1499=FACE_BOUND('',#1299,.T.);
#1500=FACE_BOUND('',#1300,.T.);
#1501=FACE_BOUND('',#1301,.T.);
#1502=FACE_BOUND('',#1302,.T.);
#1503=FACE_BOUND('',#1303,.T.);
#1504=FACE_BOUND('',#1304,.T.);
#1505=FACE_BOUND('',#1305,.T.);
#1506=FACE_BOUND('',#1306,.T.);
#1507=FACE_BOUND('',#1307,.T.);
#1508=FACE_BOUND('',#1308,.T.);
#1509=FACE_BOUND('',#1309,.T.);
#1510=FACE_BOUND('',#1310,.T.);
#1511=FACE_BOUND('',#1311,.T.);
#1512=FACE_BOUND('',#1312,.T.);
#1513=FACE_BOUND('',#1313,.T.);
#1514=FACE_BOUND('',#1314,.T.);
#1515=FACE_BOUND('',#1315,.T.);
#1516=FACE_BOUND('',#1316,.T.);
#1517=FACE_BOUND('',#1317,.T.);
#1518=FACE_BOUND('',#1318,.T.);
#1519=FACE_BOUND('',#1319,.T.);
#1520=FACE_BOUND('',#1320,.T.);
#1521=FACE_BOUND('',#1321,.T.);
#1522=FACE_BOUND('',#1322,.T.);
#1523=FACE_BOUND('',#1323,.T.);
#1524=PLANE('',#1905);
#1525=PLANE('',#2011);
#1526=PLANE('',#2012);
#1527=PLANE('',#2016);
#1528=PLANE('',#2017);
#1529=PLANE('',#2018);
#1530=PLANE('',#2019);
#1531=PLANE('',#2020);
#1532=PLANE('',#2021);
#1533=PLANE('',#2022);
#1534=PLANE('',#2023);
#1535=PLANE('',#2024);
#1536=PLANE('',#2025);
#1537=PLANE('',#2026);
#1538=PLANE('',#2027);
#1539=PLANE('',#2028);
#1540=PLANE('',#2029);
#1541=PLANE('',#2031);
#1542=PLANE('',#2032);
#1543=PLANE('',#2033);
#1544=PLANE('',#2034);
#1545=PLANE('',#2038);
#1546=PLANE('',#2042);
#1547=PLANE('',#2043);
#1548=PLANE('',#2045);
#1549=PLANE('',#2046);
#1550=PLANE('',#2047);
#1551=PLANE('',#2048);
#1552=PLANE('',#2049);
#1553=PLANE('',#2050);
#1554=PLANE('',#2051);
#1555=PLANE('',#2052);
#1556=PLANE('',#2055);
#1557=PLANE('',#2058);
#1558=PLANE('',#2059);
#1559=PLANE('',#2060);
#1560=PLANE('',#2061);
#1561=PLANE('',#2062);
#1562=PLANE('',#2063);
#1563=OVER_RIDING_STYLED_ITEM('',(#1687),#1597,#1685);
#1564=OVER_RIDING_STYLED_ITEM('',(#1688),#1633,#1685);
#1565=OVER_RIDING_STYLED_ITEM('',(#1689),#1634,#1685);
#1566=OVER_RIDING_STYLED_ITEM('',(#1690),#1635,#1685);
#1567=OVER_RIDING_STYLED_ITEM('',(#1691),#1636,#1685);
#1568=OVER_RIDING_STYLED_ITEM('',(#1692),#1637,#1685);
#1569=OVER_RIDING_STYLED_ITEM('',(#1693),#1638,#1685);
#1570=OVER_RIDING_STYLED_ITEM('',(#1694),#1639,#1685);
#1571=OVER_RIDING_STYLED_ITEM('',(#1695),#1640,#1685);
#1572=OVER_RIDING_STYLED_ITEM('',(#1696),#1641,#1685);
#1573=OVER_RIDING_STYLED_ITEM('',(#1697),#1642,#1685);
#1574=OVER_RIDING_STYLED_ITEM('',(#1698),#1643,#1685);
#1575=OVER_RIDING_STYLED_ITEM('',(#1699),#1644,#1685);
#1576=OVER_RIDING_STYLED_ITEM('',(#1700),#1645,#1685);
#1577=OVER_RIDING_STYLED_ITEM('',(#1701),#1646,#1685);
#1578=OVER_RIDING_STYLED_ITEM('',(#1702),#1647,#1685);
#1579=OVER_RIDING_STYLED_ITEM('',(#1703),#1648,#1685);
#1580=OVER_RIDING_STYLED_ITEM('',(#1704),#1649,#1685);
#1581=OVER_RIDING_STYLED_ITEM('',(#1705),#1650,#1685);
#1582=OVER_RIDING_STYLED_ITEM('',(#1706),#1651,#1685);
#1583=OVER_RIDING_STYLED_ITEM('',(#1707),#1652,#1685);
#1584=OVER_RIDING_STYLED_ITEM('',(#1708),#1653,#1685);
#1585=OVER_RIDING_STYLED_ITEM('',(#1709),#1654,#1685);
#1586=OVER_RIDING_STYLED_ITEM('',(#1710),#1655,#1685);
#1587=OVER_RIDING_STYLED_ITEM('',(#1711),#1656,#1685);
#1588=OVER_RIDING_STYLED_ITEM('',(#1712),#1657,#1685);
#1589=OVER_RIDING_STYLED_ITEM('',(#1713),#1659,#1685);
#1590=OVER_RIDING_STYLED_ITEM('',(#1714),#1660,#1685);
#1591=OVER_RIDING_STYLED_ITEM('',(#1715),#1661,#1685);
#1592=OVER_RIDING_STYLED_ITEM('',(#1716),#1662,#1685);
#1593=OVER_RIDING_STYLED_ITEM('',(#1717),#1663,#1685);
#1594=OVER_RIDING_STYLED_ITEM('',(#1718),#1664,#1685);
#1595=OVER_RIDING_STYLED_ITEM('',(#1719),#1665,#1685);
#1596=OVER_RIDING_STYLED_ITEM('',(#1720),#1666,#1685);
#1597=ADVANCED_FACE('Face appearance 2',(#1324,#1325),#1524,.T.);
#1598=ADVANCED_FACE('',(#1326,#1327),#108,.F.);
#1599=ADVANCED_FACE('',(#1328,#1329),#109,.F.);
#1600=ADVANCED_FACE('',(#1330,#1331),#110,.F.);
#1601=ADVANCED_FACE('',(#1332,#1333),#111,.F.);
#1602=ADVANCED_FACE('',(#1334,#1335),#112,.F.);
#1603=ADVANCED_FACE('',(#1336,#1337),#113,.F.);
#1604=ADVANCED_FACE('',(#1338,#1339),#114,.F.);
#1605=ADVANCED_FACE('',(#1340,#1341),#115,.F.);
#1606=ADVANCED_FACE('',(#1342,#1343),#116,.F.);
#1607=ADVANCED_FACE('',(#1344,#1345),#117,.F.);
#1608=ADVANCED_FACE('',(#1346,#1347),#118,.F.);
#1609=ADVANCED_FACE('',(#1348,#1349),#119,.F.);
#1610=ADVANCED_FACE('',(#1350,#1351),#120,.F.);
#1611=ADVANCED_FACE('',(#1352,#1353),#121,.F.);
#1612=ADVANCED_FACE('',(#1354,#1355),#122,.F.);
#1613=ADVANCED_FACE('',(#1356,#1357),#123,.F.);
#1614=ADVANCED_FACE('',(#1358,#1359),#124,.F.);
#1615=ADVANCED_FACE('',(#1360,#1361),#125,.F.);
#1616=ADVANCED_FACE('',(#1362,#1363),#126,.F.);
#1617=ADVANCED_FACE('',(#1364,#1365),#127,.F.);
#1618=ADVANCED_FACE('',(#1366,#1367),#128,.F.);
#1619=ADVANCED_FACE('',(#1368,#1369),#129,.F.);
#1620=ADVANCED_FACE('',(#1370,#1371),#130,.F.);
#1621=ADVANCED_FACE('',(#1372,#1373),#131,.F.);
#1622=ADVANCED_FACE('',(#1374,#1375),#132,.F.);
#1623=ADVANCED_FACE('',(#1376,#1377),#133,.F.);
#1624=ADVANCED_FACE('',(#1378,#1379),#134,.F.);
#1625=ADVANCED_FACE('',(#1380,#1381),#135,.F.);
#1626=ADVANCED_FACE('',(#1382,#1383),#136,.F.);
#1627=ADVANCED_FACE('',(#1384,#1385),#137,.F.);
#1628=ADVANCED_FACE('',(#1386,#1387),#138,.F.);
#1629=ADVANCED_FACE('',(#1388,#1389),#139,.F.);
#1630=ADVANCED_FACE('',(#1390,#1391),#140,.F.);
#1631=ADVANCED_FACE('',(#1392,#1393),#141,.F.);
#1632=ADVANCED_FACE('',(#1394,#1395),#142,.F.);
#1633=ADVANCED_FACE('Face appearance 1',(#1396),#1525,.T.);
#1634=ADVANCED_FACE('Face appearance 1',(#1397,#1398,#1399,#1400,#1401,
#1402,#1403,#1404,#1405,#1406,#1407,#1408,#1409,#1410,#1411,#1412,#1413,
#1414,#1415,#1416,#1417,#1418,#1419,#1420,#1421,#1422,#1423,#1424,#1425,
#1426,#1427,#1428,#1429,#1430,#1431,#1432,#1433,#1434,#1435),#1526,.T.);
#1635=ADVANCED_FACE('Face appearance 1',(#1436),#1527,.F.);
#1636=ADVANCED_FACE('Face appearance 1',(#1437),#1528,.F.);
#1637=ADVANCED_FACE('Face appearance 1',(#1438),#1529,.F.);
#1638=ADVANCED_FACE('Face appearance 1',(#1439),#1530,.F.);
#1639=ADVANCED_FACE('Face appearance 1',(#1440),#1531,.F.);
#1640=ADVANCED_FACE('Face appearance 4',(#1441),#1532,.F.);
#1641=ADVANCED_FACE('Face appearance 1',(#1442),#1533,.T.);
#1642=ADVANCED_FACE('Face appearance 1',(#1443),#1534,.T.);
#1643=ADVANCED_FACE('Face appearance 1',(#1444),#1535,.T.);
#1644=ADVANCED_FACE('Face appearance 1',(#1445),#1536,.T.);
#1645=ADVANCED_FACE('Face appearance 2',(#1446),#1537,.T.);
#1646=ADVANCED_FACE('Face appearance 1',(#1447),#1538,.T.);
#1647=ADVANCED_FACE('Face appearance 1',(#1448),#1539,.F.);
#1648=ADVANCED_FACE('Face appearance 1',(#1449,#1450,#1451,#1452,#1453,
#1454,#1455,#1456,#1457,#1458,#1459,#1460,#1461,#1462,#1463,#1464,#1465,
#1466,#1467,#1468,#1469,#1470,#1471,#1472,#1473,#1474,#1475,#1476,#1477,
#1478,#1479,#1480,#1481,#1482,#1483,#1484,#1485),#1540,.F.);
#1649=ADVANCED_FACE('Face appearance 2',(#1486),#1541,.F.);
#1650=ADVANCED_FACE('Face appearance 2',(#1487),#1542,.T.);
#1651=ADVANCED_FACE('Face appearance 2',(#1488),#1543,.T.);
#1652=ADVANCED_FACE('Face appearance 3',(#1489),#1544,.T.);
#1653=ADVANCED_FACE('Face appearance 3',(#1490),#143,.T.);
#1654=ADVANCED_FACE('Face appearance 3',(#1491),#1545,.T.);
#1655=ADVANCED_FACE('Face appearance 3',(#1492),#144,.T.);
#1656=ADVANCED_FACE('Face appearance 3',(#1493),#1546,.F.);
#1657=ADVANCED_FACE('Face appearance 3',(#1494),#1547,.T.);
#1658=ADVANCED_FACE('',(#1495,#1496),#145,.F.);
#1659=ADVANCED_FACE('Face appearance 4',(#1497),#1548,.T.);
#1660=ADVANCED_FACE('Face appearance 4',(#1498),#1549,.T.);
#1661=ADVANCED_FACE('Face appearance 4',(#1499),#1550,.T.);
#1662=ADVANCED_FACE('Face appearance 4',(#1500),#1551,.T.);
#1663=ADVANCED_FACE('Face appearance 4',(#1501),#1552,.T.);
#1664=ADVANCED_FACE('Face appearance 4',(#1502),#1553,.T.);
#1665=ADVANCED_FACE('Face appearance 4',(#1503),#1554,.T.);
#1666=ADVANCED_FACE('Face appearance 4',(#1504),#1555,.F.);
#1667=ADVANCED_FACE('',(#1505,#1506),#146,.T.);
#1668=ADVANCED_FACE('',(#1507),#1556,.T.);
#1669=ADVANCED_FACE('',(#1508,#1509),#147,.T.);
#1670=ADVANCED_FACE('',(#1510),#1557,.T.);
#1671=ADVANCED_FACE('',(#1511),#1558,.T.);
#1672=ADVANCED_FACE('',(#1512),#1559,.F.);
#1673=ADVANCED_FACE('',(#1513),#1560,.F.);
#1674=ADVANCED_FACE('',(#1514),#1561,.T.);
#1675=ADVANCED_FACE('',(#1515),#1562,.T.);
#1676=ADVANCED_FACE('',(#1516),#148,.T.);
#1677=ADVANCED_FACE('',(#1517),#149,.T.);
#1678=ADVANCED_FACE('',(#1518),#150,.T.);
#1679=ADVANCED_FACE('',(#1519),#151,.T.);
#1680=ADVANCED_FACE('',(#1520),#152,.T.);
#1681=ADVANCED_FACE('',(#1521),#153,.T.);
#1682=ADVANCED_FACE('',(#1522),#154,.T.);
#1683=ADVANCED_FACE('',(#1523),#155,.T.);
#1684=CLOSED_SHELL('',(#1597,#1598,#1599,#1600,#1601,#1602,#1603,#1604,
#1605,#1606,#1607,#1608,#1609,#1610,#1611,#1612,#1613,#1614,#1615,#1616,
#1617,#1618,#1619,#1620,#1621,#1622,#1623,#1624,#1625,#1626,#1627,#1628,
#1629,#1630,#1631,#1632,#1633,#1634,#1635,#1636,#1637,#1638,#1639,#1640,
#1641,#1642,#1643,#1644,#1645,#1646,#1647,#1648,#1649,#1650,#1651,#1652,
#1653,#1654,#1655,#1656,#1657,#1658,#1659,#1660,#1661,#1662,#1663,#1664,
#1665,#1666,#1667,#1668,#1669,#1670,#1671,#1672,#1673,#1674,#1675,#1676,
#1677,#1678,#1679,#1680,#1681,#1682,#1683));
#1685=STYLED_ITEM('',(#1686),#1901);
#1686=PRESENTATION_STYLE_ASSIGNMENT((#1721));
#1687=PRESENTATION_STYLE_ASSIGNMENT((#1722));
#1688=PRESENTATION_STYLE_ASSIGNMENT((#1723));
#1689=PRESENTATION_STYLE_ASSIGNMENT((#1724));
#1690=PRESENTATION_STYLE_ASSIGNMENT((#1725));
#1691=PRESENTATION_STYLE_ASSIGNMENT((#1726));
#1692=PRESENTATION_STYLE_ASSIGNMENT((#1727));
#1693=PRESENTATION_STYLE_ASSIGNMENT((#1728));
#1694=PRESENTATION_STYLE_ASSIGNMENT((#1729));
#1695=PRESENTATION_STYLE_ASSIGNMENT((#1730));
#1696=PRESENTATION_STYLE_ASSIGNMENT((#1731));
#1697=PRESENTATION_STYLE_ASSIGNMENT((#1732));
#1698=PRESENTATION_STYLE_ASSIGNMENT((#1733));
#1699=PRESENTATION_STYLE_ASSIGNMENT((#1734));
#1700=PRESENTATION_STYLE_ASSIGNMENT((#1735));
#1701=PRESENTATION_STYLE_ASSIGNMENT((#1736));
#1702=PRESENTATION_STYLE_ASSIGNMENT((#1737));
#1703=PRESENTATION_STYLE_ASSIGNMENT((#1738));
#1704=PRESENTATION_STYLE_ASSIGNMENT((#1739));
#1705=PRESENTATION_STYLE_ASSIGNMENT((#1740));
#1706=PRESENTATION_STYLE_ASSIGNMENT((#1741));
#1707=PRESENTATION_STYLE_ASSIGNMENT((#1742));
#1708=PRESENTATION_STYLE_ASSIGNMENT((#1743));
#1709=PRESENTATION_STYLE_ASSIGNMENT((#1744));
#1710=PRESENTATION_STYLE_ASSIGNMENT((#1745));
#1711=PRESENTATION_STYLE_ASSIGNMENT((#1746));
#1712=PRESENTATION_STYLE_ASSIGNMENT((#1747));
#1713=PRESENTATION_STYLE_ASSIGNMENT((#1748));
#1714=PRESENTATION_STYLE_ASSIGNMENT((#1749));
#1715=PRESENTATION_STYLE_ASSIGNMENT((#1750));
#1716=PRESENTATION_STYLE_ASSIGNMENT((#1751));
#1717=PRESENTATION_STYLE_ASSIGNMENT((#1752));
#1718=PRESENTATION_STYLE_ASSIGNMENT((#1753));
#1719=PRESENTATION_STYLE_ASSIGNMENT((#1754));
#1720=PRESENTATION_STYLE_ASSIGNMENT((#1755));
#1721=SURFACE_STYLE_USAGE(.BOTH.,#1756);
#1722=SURFACE_STYLE_USAGE(.BOTH.,#1757);
#1723=SURFACE_STYLE_USAGE(.BOTH.,#1758);
#1724=SURFACE_STYLE_USAGE(.BOTH.,#1759);
#1725=SURFACE_STYLE_USAGE(.BOTH.,#1760);
#1726=SURFACE_STYLE_USAGE(.BOTH.,#1761);
#1727=SURFACE_STYLE_USAGE(.BOTH.,#1762);
#1728=SURFACE_STYLE_USAGE(.BOTH.,#1763);
#1729=SURFACE_STYLE_USAGE(.BOTH.,#1764);
#1730=SURFACE_STYLE_USAGE(.BOTH.,#1765);
#1731=SURFACE_STYLE_USAGE(.BOTH.,#1766);
#1732=SURFACE_STYLE_USAGE(.BOTH.,#1767);
#1733=SURFACE_STYLE_USAGE(.BOTH.,#1768);
#1734=SURFACE_STYLE_USAGE(.BOTH.,#1769);
#1735=SURFACE_STYLE_USAGE(.BOTH.,#1770);
#1736=SURFACE_STYLE_USAGE(.BOTH.,#1771);
#1737=SURFACE_STYLE_USAGE(.BOTH.,#1772);
#1738=SURFACE_STYLE_USAGE(.BOTH.,#1773);
#1739=SURFACE_STYLE_USAGE(.BOTH.,#1774);
#1740=SURFACE_STYLE_USAGE(.BOTH.,#1775);
#1741=SURFACE_STYLE_USAGE(.BOTH.,#1776);
#1742=SURFACE_STYLE_USAGE(.BOTH.,#1777);
#1743=SURFACE_STYLE_USAGE(.BOTH.,#1778);
#1744=SURFACE_STYLE_USAGE(.BOTH.,#1779);
#1745=SURFACE_STYLE_USAGE(.BOTH.,#1780);
#1746=SURFACE_STYLE_USAGE(.BOTH.,#1781);
#1747=SURFACE_STYLE_USAGE(.BOTH.,#1782);
#1748=SURFACE_STYLE_USAGE(.BOTH.,#1783);
#1749=SURFACE_STYLE_USAGE(.BOTH.,#1784);
#1750=SURFACE_STYLE_USAGE(.BOTH.,#1785);
#1751=SURFACE_STYLE_USAGE(.BOTH.,#1786);
#1752=SURFACE_STYLE_USAGE(.BOTH.,#1787);
#1753=SURFACE_STYLE_USAGE(.BOTH.,#1788);
#1754=SURFACE_STYLE_USAGE(.BOTH.,#1789);
#1755=SURFACE_STYLE_USAGE(.BOTH.,#1790);
#1756=SURFACE_SIDE_STYLE('',(#1791));
#1757=SURFACE_SIDE_STYLE('',(#1792));
#1758=SURFACE_SIDE_STYLE('',(#1793));
#1759=SURFACE_SIDE_STYLE('',(#1794));
#1760=SURFACE_SIDE_STYLE('',(#1795));
#1761=SURFACE_SIDE_STYLE('',(#1796));
#1762=SURFACE_SIDE_STYLE('',(#1797));
#1763=SURFACE_SIDE_STYLE('',(#1798));
#1764=SURFACE_SIDE_STYLE('',(#1799));
#1765=SURFACE_SIDE_STYLE('',(#1800));
#1766=SURFACE_SIDE_STYLE('',(#1801));
#1767=SURFACE_SIDE_STYLE('',(#1802));
#1768=SURFACE_SIDE_STYLE('',(#1803));
#1769=SURFACE_SIDE_STYLE('',(#1804));
#1770=SURFACE_SIDE_STYLE('',(#1805));
#1771=SURFACE_SIDE_STYLE('',(#1806));
#1772=SURFACE_SIDE_STYLE('',(#1807));
#1773=SURFACE_SIDE_STYLE('',(#1808));
#1774=SURFACE_SIDE_STYLE('',(#1809));
#1775=SURFACE_SIDE_STYLE('',(#1810));
#1776=SURFACE_SIDE_STYLE('',(#1811));
#1777=SURFACE_SIDE_STYLE('',(#1812));
#1778=SURFACE_SIDE_STYLE('',(#1813));
#1779=SURFACE_SIDE_STYLE('',(#1814));
#1780=SURFACE_SIDE_STYLE('',(#1815));
#1781=SURFACE_SIDE_STYLE('',(#1816));
#1782=SURFACE_SIDE_STYLE('',(#1817));
#1783=SURFACE_SIDE_STYLE('',(#1818));
#1784=SURFACE_SIDE_STYLE('',(#1819));
#1785=SURFACE_SIDE_STYLE('',(#1820));
#1786=SURFACE_SIDE_STYLE('',(#1821));
#1787=SURFACE_SIDE_STYLE('',(#1822));
#1788=SURFACE_SIDE_STYLE('',(#1823));
#1789=SURFACE_SIDE_STYLE('',(#1824));
#1790=SURFACE_SIDE_STYLE('',(#1825));
#1791=SURFACE_STYLE_FILL_AREA(#1826);
#1792=SURFACE_STYLE_FILL_AREA(#1827);
#1793=SURFACE_STYLE_FILL_AREA(#1828);
#1794=SURFACE_STYLE_FILL_AREA(#1829);
#1795=SURFACE_STYLE_FILL_AREA(#1830);
#1796=SURFACE_STYLE_FILL_AREA(#1831);
#1797=SURFACE_STYLE_FILL_AREA(#1832);
#1798=SURFACE_STYLE_FILL_AREA(#1833);
#1799=SURFACE_STYLE_FILL_AREA(#1834);
#1800=SURFACE_STYLE_FILL_AREA(#1835);
#1801=SURFACE_STYLE_FILL_AREA(#1836);
#1802=SURFACE_STYLE_FILL_AREA(#1837);
#1803=SURFACE_STYLE_FILL_AREA(#1838);
#1804=SURFACE_STYLE_FILL_AREA(#1839);
#1805=SURFACE_STYLE_FILL_AREA(#1840);
#1806=SURFACE_STYLE_FILL_AREA(#1841);
#1807=SURFACE_STYLE_FILL_AREA(#1842);
#1808=SURFACE_STYLE_FILL_AREA(#1843);
#1809=SURFACE_STYLE_FILL_AREA(#1844);
#1810=SURFACE_STYLE_FILL_AREA(#1845);
#1811=SURFACE_STYLE_FILL_AREA(#1846);
#1812=SURFACE_STYLE_FILL_AREA(#1847);
#1813=SURFACE_STYLE_FILL_AREA(#1848);
#1814=SURFACE_STYLE_FILL_AREA(#1849);
#1815=SURFACE_STYLE_FILL_AREA(#1850);
#1816=SURFACE_STYLE_FILL_AREA(#1851);
#1817=SURFACE_STYLE_FILL_AREA(#1852);
#1818=SURFACE_STYLE_FILL_AREA(#1853);
#1819=SURFACE_STYLE_FILL_AREA(#1854);
#1820=SURFACE_STYLE_FILL_AREA(#1855);
#1821=SURFACE_STYLE_FILL_AREA(#1856);
#1822=SURFACE_STYLE_FILL_AREA(#1857);
#1823=SURFACE_STYLE_FILL_AREA(#1858);
#1824=SURFACE_STYLE_FILL_AREA(#1859);
#1825=SURFACE_STYLE_FILL_AREA(#1860);
#1826=FILL_AREA_STYLE('',(#1861));
#1827=FILL_AREA_STYLE('',(#1862));
#1828=FILL_AREA_STYLE('',(#1863));
#1829=FILL_AREA_STYLE('',(#1864));
#1830=FILL_AREA_STYLE('',(#1865));
#1831=FILL_AREA_STYLE('',(#1866));
#1832=FILL_AREA_STYLE('',(#1867));
#1833=FILL_AREA_STYLE('',(#1868));
#1834=FILL_AREA_STYLE('',(#1869));
#1835=FILL_AREA_STYLE('',(#1870));
#1836=FILL_AREA_STYLE('',(#1871));
#1837=FILL_AREA_STYLE('',(#1872));
#1838=FILL_AREA_STYLE('',(#1873));
#1839=FILL_AREA_STYLE('',(#1874));
#1840=FILL_AREA_STYLE('',(#1875));
#1841=FILL_AREA_STYLE('',(#1876));
#1842=FILL_AREA_STYLE('',(#1877));
#1843=FILL_AREA_STYLE('',(#1878));
#1844=FILL_AREA_STYLE('',(#1879));
#1845=FILL_AREA_STYLE('',(#1880));
#1846=FILL_AREA_STYLE('',(#1881));
#1847=FILL_AREA_STYLE('',(#1882));
#1848=FILL_AREA_STYLE('',(#1883));
#1849=FILL_AREA_STYLE('',(#1884));
#1850=FILL_AREA_STYLE('',(#1885));
#1851=FILL_AREA_STYLE('',(#1886));
#1852=FILL_AREA_STYLE('',(#1887));
#1853=FILL_AREA_STYLE('',(#1888));
#1854=FILL_AREA_STYLE('',(#1889));
#1855=FILL_AREA_STYLE('',(#1890));
#1856=FILL_AREA_STYLE('',(#1891));
#1857=FILL_AREA_STYLE('',(#1892));
#1858=FILL_AREA_STYLE('',(#1893));
#1859=FILL_AREA_STYLE('',(#1894));
#1860=FILL_AREA_STYLE('',(#1895));
#1861=FILL_AREA_STYLE_COLOUR('',#1896);
#1862=FILL_AREA_STYLE_COLOUR('',#1897);
#1863=FILL_AREA_STYLE_COLOUR('',#1898);
#1864=FILL_AREA_STYLE_COLOUR('',#1898);
#1865=FILL_AREA_STYLE_COLOUR('',#1898);
#1866=FILL_AREA_STYLE_COLOUR('',#1898);
#1867=FILL_AREA_STYLE_COLOUR('',#1898);
#1868=FILL_AREA_STYLE_COLOUR('',#1898);
#1869=FILL_AREA_STYLE_COLOUR('',#1898);
#1870=FILL_AREA_STYLE_COLOUR('',#1899);
#1871=FILL_AREA_STYLE_COLOUR('',#1898);
#1872=FILL_AREA_STYLE_COLOUR('',#1898);
#1873=FILL_AREA_STYLE_COLOUR('',#1898);
#1874=FILL_AREA_STYLE_COLOUR('',#1898);
#1875=FILL_AREA_STYLE_COLOUR('',#1897);
#1876=FILL_AREA_STYLE_COLOUR('',#1898);
#1877=FILL_AREA_STYLE_COLOUR('',#1898);
#1878=FILL_AREA_STYLE_COLOUR('',#1898);
#1879=FILL_AREA_STYLE_COLOUR('',#1897);
#1880=FILL_AREA_STYLE_COLOUR('',#1897);
#1881=FILL_AREA_STYLE_COLOUR('',#1897);
#1882=FILL_AREA_STYLE_COLOUR('',#1900);
#1883=FILL_AREA_STYLE_COLOUR('',#1900);
#1884=FILL_AREA_STYLE_COLOUR('',#1900);
#1885=FILL_AREA_STYLE_COLOUR('',#1900);
#1886=FILL_AREA_STYLE_COLOUR('',#1900);
#1887=FILL_AREA_STYLE_COLOUR('',#1900);
#1888=FILL_AREA_STYLE_COLOUR('',#1899);
#1889=FILL_AREA_STYLE_COLOUR('',#1899);
#1890=FILL_AREA_STYLE_COLOUR('',#1899);
#1891=FILL_AREA_STYLE_COLOUR('',#1899);
#1892=FILL_AREA_STYLE_COLOUR('',#1899);
#1893=FILL_AREA_STYLE_COLOUR('',#1899);
#1894=FILL_AREA_STYLE_COLOUR('',#1899);
#1895=FILL_AREA_STYLE_COLOUR('',#1899);
#1896=COLOUR_RGB('',0.615686274509804,0.811764705882353,0.929411764705882);
#1897=COLOUR_RGB('',0.301960784313725,0.290196078431373,0.262745098039216);
#1898=COLOUR_RGB('',0.984313725490196,0.996078431372549,1.);
#1899=COLOUR_RGB('',0.917647058823529,0.917647058823529,0.917647058823529);
#1900=COLOUR_RGB('',0.713725490196078,0.76078431372549,0.8);
#1901=MANIFOLD_SOLID_BREP('Heltec_ESP32 V3',#1684);
#1902=SHAPE_DEFINITION_REPRESENTATION(#2988,#1903);
#1903=SHAPE_REPRESENTATION('Heltec_ESP32 V3',(#1904),#2983);
#1904=AXIS2_PLACEMENT_3D('',#2542,#2080,#2081);
#1905=AXIS2_PLACEMENT_3D('',#2543,#2082,#2083);
#1906=AXIS2_PLACEMENT_3D('',#2560,#2092,#2093);
#1907=AXIS2_PLACEMENT_3D('',#2561,#2094,#2095);
#1908=AXIS2_PLACEMENT_3D('',#2563,#2096,#2097);
#1909=AXIS2_PLACEMENT_3D('',#2565,#2098,#2099);
#1910=AXIS2_PLACEMENT_3D('',#2566,#2100,#2101);
#1911=AXIS2_PLACEMENT_3D('',#2568,#2102,#2103);
#1912=AXIS2_PLACEMENT_3D('',#2570,#2104,#2105);
#1913=AXIS2_PLACEMENT_3D('',#2571,#2106,#2107);
#1914=AXIS2_PLACEMENT_3D('',#2573,#2108,#2109);
#1915=AXIS2_PLACEMENT_3D('',#2575,#2110,#2111);
#1916=AXIS2_PLACEMENT_3D('',#2576,#2112,#2113);
#1917=AXIS2_PLACEMENT_3D('',#2578,#2114,#2115);
#1918=AXIS2_PLACEMENT_3D('',#2580,#2116,#2117);
#1919=AXIS2_PLACEMENT_3D('',#2581,#2118,#2119);
#1920=AXIS2_PLACEMENT_3D('',#2583,#2120,#2121);
#1921=AXIS2_PLACEMENT_3D('',#2585,#2122,#2123);
#1922=AXIS2_PLACEMENT_3D('',#2586,#2124,#2125);
#1923=AXIS2_PLACEMENT_3D('',#2588,#2126,#2127);
#1924=AXIS2_PLACEMENT_3D('',#2590,#2128,#2129);
#1925=AXIS2_PLACEMENT_3D('',#2591,#2130,#2131);
#1926=AXIS2_PLACEMENT_3D('',#2593,#2132,#2133);
#1927=AXIS2_PLACEMENT_3D('',#2595,#2134,#2135);
#1928=AXIS2_PLACEMENT_3D('',#2596,#2136,#2137);
#1929=AXIS2_PLACEMENT_3D('',#2598,#2138,#2139);
#1930=AXIS2_PLACEMENT_3D('',#2600,#2140,#2141);
#1931=AXIS2_PLACEMENT_3D('',#2601,#2142,#2143);
#1932=AXIS2_PLACEMENT_3D('',#2603,#2144,#2145);
#1933=AXIS2_PLACEMENT_3D('',#2605,#2146,#2147);
#1934=AXIS2_PLACEMENT_3D('',#2606,#2148,#2149);
#1935=AXIS2_PLACEMENT_3D('',#2608,#2150,#2151);
#1936=AXIS2_PLACEMENT_3D('',#2610,#2152,#2153);
#1937=AXIS2_PLACEMENT_3D('',#2611,#2154,#2155);
#1938=AXIS2_PLACEMENT_3D('',#2613,#2156,#2157);
#1939=AXIS2_PLACEMENT_3D('',#2615,#2158,#2159);
#1940=AXIS2_PLACEMENT_3D('',#2616,#2160,#2161);
#1941=AXIS2_PLACEMENT_3D('',#2618,#2162,#2163);
#1942=AXIS2_PLACEMENT_3D('',#2620,#2164,#2165);
#1943=AXIS2_PLACEMENT_3D('',#2621,#2166,#2167);
#1944=AXIS2_PLACEMENT_3D('',#2623,#2168,#2169);
#1945=AXIS2_PLACEMENT_3D('',#2625,#2170,#2171);
#1946=AXIS2_PLACEMENT_3D('',#2626,#2172,#2173);
#1947=AXIS2_PLACEMENT_3D('',#2628,#2174,#2175);
#1948=AXIS2_PLACEMENT_3D('',#2630,#2176,#2177);
#1949=AXIS2_PLACEMENT_3D('',#2631,#2178,#2179);
#1950=AXIS2_PLACEMENT_3D('',#2633,#2180,#2181);
#1951=AXIS2_PLACEMENT_3D('',#2635,#2182,#2183);
#1952=AXIS2_PLACEMENT_3D('',#2636,#2184,#2185);
#1953=AXIS2_PLACEMENT_3D('',#2638,#2186,#2187);
#1954=AXIS2_PLACEMENT_3D('',#2640,#2188,#2189);
#1955=AXIS2_PLACEMENT_3D('',#2641,#2190,#2191);
#1956=AXIS2_PLACEMENT_3D('',#2643,#2192,#2193);
#1957=AXIS2_PLACEMENT_3D('',#2645,#2194,#2195);
#1958=AXIS2_PLACEMENT_3D('',#2646,#2196,#2197);
#1959=AXIS2_PLACEMENT_3D('',#2648,#2198,#2199);
#1960=AXIS2_PLACEMENT_3D('',#2650,#2200,#2201);
#1961=AXIS2_PLACEMENT_3D('',#2651,#2202,#2203);
#1962=AXIS2_PLACEMENT_3D('',#2653,#2204,#2205);
#1963=AXIS2_PLACEMENT_3D('',#2655,#2206,#2207);
#1964=AXIS2_PLACEMENT_3D('',#2656,#2208,#2209);
#1965=AXIS2_PLACEMENT_3D('',#2658,#2210,#2211);
#1966=AXIS2_PLACEMENT_3D('',#2660,#2212,#2213);
#1967=AXIS2_PLACEMENT_3D('',#2661,#2214,#2215);
#1968=AXIS2_PLACEMENT_3D('',#2663,#2216,#2217);
#1969=AXIS2_PLACEMENT_3D('',#2665,#2218,#2219);
#1970=AXIS2_PLACEMENT_3D('',#2666,#2220,#2221);
#1971=AXIS2_PLACEMENT_3D('',#2668,#2222,#2223);
#1972=AXIS2_PLACEMENT_3D('',#2670,#2224,#2225);
#1973=AXIS2_PLACEMENT_3D('',#2671,#2226,#2227);
#1974=AXIS2_PLACEMENT_3D('',#2673,#2228,#2229);
#1975=AXIS2_PLACEMENT_3D('',#2675,#2230,#2231);
#1976=AXIS2_PLACEMENT_3D('',#2676,#2232,#2233);
#1977=AXIS2_PLACEMENT_3D('',#2678,#2234,#2235);
#1978=AXIS2_PLACEMENT_3D('',#2680,#2236,#2237);
#1979=AXIS2_PLACEMENT_3D('',#2681,#2238,#2239);
#1980=AXIS2_PLACEMENT_3D('',#2683,#2240,#2241);
#1981=AXIS2_PLACEMENT_3D('',#2685,#2242,#2243);
#1982=AXIS2_PLACEMENT_3D('',#2686,#2244,#2245);
#1983=AXIS2_PLACEMENT_3D('',#2688,#2246,#2247);
#1984=AXIS2_PLACEMENT_3D('',#2690,#2248,#2249);
#1985=AXIS2_PLACEMENT_3D('',#2691,#2250,#2251);
#1986=AXIS2_PLACEMENT_3D('',#2693,#2252,#2253);
#1987=AXIS2_PLACEMENT_3D('',#2695,#2254,#2255);
#1988=AXIS2_PLACEMENT_3D('',#2696,#2256,#2257);
#1989=AXIS2_PLACEMENT_3D('',#2698,#2258,#2259);
#1990=AXIS2_PLACEMENT_3D('',#2700,#2260,#2261);
#1991=AXIS2_PLACEMENT_3D('',#2701,#2262,#2263);
#1992=AXIS2_PLACEMENT_3D('',#2703,#2264,#2265);
#1993=AXIS2_PLACEMENT_3D('',#2705,#2266,#2267);
#1994=AXIS2_PLACEMENT_3D('',#2706,#2268,#2269);
#1995=AXIS2_PLACEMENT_3D('',#2708,#2270,#2271);
#1996=AXIS2_PLACEMENT_3D('',#2710,#2272,#2273);
#1997=AXIS2_PLACEMENT_3D('',#2711,#2274,#2275);
#1998=AXIS2_PLACEMENT_3D('',#2713,#2276,#2277);
#1999=AXIS2_PLACEMENT_3D('',#2715,#2278,#2279);
#2000=AXIS2_PLACEMENT_3D('',#2716,#2280,#2281);
#2001=AXIS2_PLACEMENT_3D('',#2718,#2282,#2283);
#2002=AXIS2_PLACEMENT_3D('',#2720,#2284,#2285);
#2003=AXIS2_PLACEMENT_3D('',#2721,#2286,#2287);
#2004=AXIS2_PLACEMENT_3D('',#2723,#2288,#2289);
#2005=AXIS2_PLACEMENT_3D('',#2725,#2290,#2291);
#2006=AXIS2_PLACEMENT_3D('',#2726,#2292,#2293);
#2007=AXIS2_PLACEMENT_3D('',#2728,#2294,#2295);
#2008=AXIS2_PLACEMENT_3D('',#2730,#2296,#2297);
#2009=AXIS2_PLACEMENT_3D('',#2731,#2298,#2299);
#2010=AXIS2_PLACEMENT_3D('',#2733,#2300,#2301);
#2011=AXIS2_PLACEMENT_3D('',#2735,#2302,#2303);
#2012=AXIS2_PLACEMENT_3D('',#2744,#2308,#2309);
#2013=AXIS2_PLACEMENT_3D('',#2745,#2310,#2311);
#2014=AXIS2_PLACEMENT_3D('',#2747,#2312,#2313);
#2015=AXIS2_PLACEMENT_3D('',#2749,#2314,#2315);
#2016=AXIS2_PLACEMENT_3D('',#2787,#2334,#2335);
#2017=AXIS2_PLACEMENT_3D('',#2793,#2339,#2340);
#2018=AXIS2_PLACEMENT_3D('',#2799,#2344,#2345);
#2019=AXIS2_PLACEMENT_3D('',#2803,#2348,#2349);
#2020=AXIS2_PLACEMENT_3D('',#2807,#2352,#2353);
#2021=AXIS2_PLACEMENT_3D('',#2811,#2356,#2357);
#2022=AXIS2_PLACEMENT_3D('',#2832,#2369,#2370);
#2023=AXIS2_PLACEMENT_3D('',#2836,#2373,#2374);
#2024=AXIS2_PLACEMENT_3D('',#2840,#2377,#2378);
#2025=AXIS2_PLACEMENT_3D('',#2844,#2381,#2382);
#2026=AXIS2_PLACEMENT_3D('',#2848,#2385,#2386);
#2027=AXIS2_PLACEMENT_3D('',#2858,#2393,#2394);
#2028=AXIS2_PLACEMENT_3D('',#2862,#2397,#2398);
#2029=AXIS2_PLACEMENT_3D('',#2864,#2400,#2401);
#2030=AXIS2_PLACEMENT_3D('',#2865,#2402,#2403);
#2031=AXIS2_PLACEMENT_3D('',#2872,#2407,#2408);
#2032=AXIS2_PLACEMENT_3D('',#2876,#2411,#2412);
#2033=AXIS2_PLACEMENT_3D('',#2880,#2415,#2416);
#2034=AXIS2_PLACEMENT_3D('',#2882,#2418,#2419);
#2035=AXIS2_PLACEMENT_3D('',#2888,#2423,#2424);
#2036=AXIS2_PLACEMENT_3D('',#2889,#2425,#2426);
#2037=AXIS2_PLACEMENT_3D('',#2893,#2428,#2429);
#2038=AXIS2_PLACEMENT_3D('',#2894,#2430,#2431);
#2039=AXIS2_PLACEMENT_3D('',#2900,#2435,#2436);
#2040=AXIS2_PLACEMENT_3D('',#2901,#2437,#2438);
#2041=AXIS2_PLACEMENT_3D('',#2902,#2439,#2440);
#2042=AXIS2_PLACEMENT_3D('',#2903,#2441,#2442);
#2043=AXIS2_PLACEMENT_3D('',#2904,#2443,#2444);
#2044=AXIS2_PLACEMENT_3D('',#2905,#2445,#2446);
#2045=AXIS2_PLACEMENT_3D('',#2906,#2447,#2448);
#2046=AXIS2_PLACEMENT_3D('',#2912,#2452,#2453);
#2047=AXIS2_PLACEMENT_3D('',#2916,#2456,#2457);
#2048=AXIS2_PLACEMENT_3D('',#2918,#2459,#2460);
#2049=AXIS2_PLACEMENT_3D('',#2922,#2463,#2464);
#2050=AXIS2_PLACEMENT_3D('',#2926,#2467,#2468);
#2051=AXIS2_PLACEMENT_3D('',#2930,#2471,#2472);
#2052=AXIS2_PLACEMENT_3D('',#2932,#2474,#2475);
#2053=AXIS2_PLACEMENT_3D('',#2933,#2476,#2477);
#2054=AXIS2_PLACEMENT_3D('',#2934,#2478,#2479);
#2055=AXIS2_PLACEMENT_3D('',#2936,#2480,#2481);
#2056=AXIS2_PLACEMENT_3D('',#2937,#2482,#2483);
#2057=AXIS2_PLACEMENT_3D('',#2938,#2484,#2485);
#2058=AXIS2_PLACEMENT_3D('',#2940,#2486,#2487);
#2059=AXIS2_PLACEMENT_3D('',#2941,#2488,#2489);
#2060=AXIS2_PLACEMENT_3D('',#2950,#2494,#2495);
#2061=AXIS2_PLACEMENT_3D('',#2956,#2499,#2500);
#2062=AXIS2_PLACEMENT_3D('',#2962,#2504,#2505);
#2063=AXIS2_PLACEMENT_3D('',#2965,#2508,#2509);
#2064=AXIS2_PLACEMENT_3D('',#2966,#2510,#2511);
#2065=AXIS2_PLACEMENT_3D('',#2967,#2512,#2513);
#2066=AXIS2_PLACEMENT_3D('',#2968,#2514,#2515);
#2067=AXIS2_PLACEMENT_3D('',#2969,#2516,#2517);
#2068=AXIS2_PLACEMENT_3D('',#2970,#2518,#2519);
#2069=AXIS2_PLACEMENT_3D('',#2971,#2520,#2521);
#2070=AXIS2_PLACEMENT_3D('',#2972,#2522,#2523);
#2071=AXIS2_PLACEMENT_3D('',#2973,#2524,#2525);
#2072=AXIS2_PLACEMENT_3D('',#2974,#2526,#2527);
#2073=AXIS2_PLACEMENT_3D('',#2975,#2528,#2529);
#2074=AXIS2_PLACEMENT_3D('',#2976,#2530,#2531);
#2075=AXIS2_PLACEMENT_3D('',#2977,#2532,#2533);
#2076=AXIS2_PLACEMENT_3D('',#2978,#2534,#2535);
#2077=AXIS2_PLACEMENT_3D('',#2979,#2536,#2537);
#2078=AXIS2_PLACEMENT_3D('',#2980,#2538,#2539);
#2079=AXIS2_PLACEMENT_3D('',#2981,#2540,#2541);
#2080=DIRECTION('',(0.,0.,1.));
#2081=DIRECTION('',(1.,0.,0.));
#2082=DIRECTION('',(0.,0.,1.));
#2083=DIRECTION('',(1.,0.,0.));
#2084=DIRECTION('',(1.,0.,0.));
#2085=DIRECTION('',(5.29686557550171E-16,-1.,0.));
#2086=DIRECTION('',(1.,6.80283716069336E-16,0.));
#2087=DIRECTION('',(0.,-1.,0.));
#2088=DIRECTION('',(-1.,1.56281394232145E-16,0.));
#2089=DIRECTION('',(0.,-1.,0.));
#2090=DIRECTION('',(-1.,1.56281394232145E-16,0.));
#2091=DIRECTION('',(-3.71063845128728E-16,1.,0.));
#2092=DIRECTION('',(0.,0.,-1.));
#2093=DIRECTION('',(-1.,0.,0.));
#2094=DIRECTION('',(0.,0.,1.));
#2095=DIRECTION('',(-1.,0.,0.));
#2096=DIRECTION('',(0.,0.,-1.));
#2097=DIRECTION('',(1.,0.,0.));
#2098=DIRECTION('',(0.,0.,-1.));
#2099=DIRECTION('',(-1.,0.,0.));
#2100=DIRECTION('',(0.,0.,1.));
#2101=DIRECTION('',(-1.,0.,0.));
#2102=DIRECTION('',(0.,0.,-1.));
#2103=DIRECTION('',(1.,0.,0.));
#2104=DIRECTION('',(0.,0.,-1.));
#2105=DIRECTION('',(-1.,0.,0.));
#2106=DIRECTION('',(0.,0.,1.));
#2107=DIRECTION('',(-1.,0.,0.));
#2108=DIRECTION('',(0.,0.,-1.));
#2109=DIRECTION('',(1.,0.,0.));
#2110=DIRECTION('',(0.,0.,-1.));
#2111=DIRECTION('',(-1.,0.,0.));
#2112=DIRECTION('',(0.,0.,1.));
#2113=DIRECTION('',(-1.,0.,0.));
#2114=DIRECTION('',(0.,0.,-1.));
#2115=DIRECTION('',(1.,0.,0.));
#2116=DIRECTION('',(0.,0.,-1.));
#2117=DIRECTION('',(-1.,0.,0.));
#2118=DIRECTION('',(0.,0.,1.));
#2119=DIRECTION('',(-1.,0.,0.));
#2120=DIRECTION('',(0.,0.,-1.));
#2121=DIRECTION('',(1.,0.,0.));
#2122=DIRECTION('',(0.,0.,-1.));
#2123=DIRECTION('',(-1.,0.,0.));
#2124=DIRECTION('',(0.,0.,1.));
#2125=DIRECTION('',(-1.,0.,0.));
#2126=DIRECTION('',(0.,0.,-1.));
#2127=DIRECTION('',(1.,0.,0.));
#2128=DIRECTION('',(0.,0.,-1.));
#2129=DIRECTION('',(-1.,0.,0.));
#2130=DIRECTION('',(0.,0.,1.));
#2131=DIRECTION('',(-1.,0.,0.));
#2132=DIRECTION('',(0.,0.,-1.));
#2133=DIRECTION('',(1.,0.,0.));
#2134=DIRECTION('',(0.,0.,-1.));
#2135=DIRECTION('',(-1.,0.,0.));
#2136=DIRECTION('',(0.,0.,1.));
#2137=DIRECTION('',(-1.,0.,0.));
#2138=DIRECTION('',(0.,0.,-1.));
#2139=DIRECTION('',(1.,0.,0.));
#2140=DIRECTION('',(0.,0.,-1.));
#2141=DIRECTION('',(-1.,0.,0.));
#2142=DIRECTION('',(0.,0.,1.));
#2143=DIRECTION('',(-1.,0.,0.));
#2144=DIRECTION('',(0.,0.,-1.));
#2145=DIRECTION('',(1.,0.,0.));
#2146=DIRECTION('',(0.,0.,-1.));
#2147=DIRECTION('',(-1.,0.,0.));
#2148=DIRECTION('',(0.,0.,1.));
#2149=DIRECTION('',(-1.,0.,0.));
#2150=DIRECTION('',(0.,0.,-1.));
#2151=DIRECTION('',(1.,0.,0.));
#2152=DIRECTION('',(0.,0.,-1.));
#2153=DIRECTION('',(-1.,0.,0.));
#2154=DIRECTION('',(0.,0.,1.));
#2155=DIRECTION('',(-1.,0.,0.));
#2156=DIRECTION('',(0.,0.,-1.));
#2157=DIRECTION('',(1.,0.,0.));
#2158=DIRECTION('',(0.,0.,-1.));
#2159=DIRECTION('',(-1.,0.,0.));
#2160=DIRECTION('',(0.,0.,1.));
#2161=DIRECTION('',(-1.,0.,0.));
#2162=DIRECTION('',(0.,0.,-1.));
#2163=DIRECTION('',(1.,0.,0.));
#2164=DIRECTION('',(0.,0.,-1.));
#2165=DIRECTION('',(-1.,0.,0.));
#2166=DIRECTION('',(0.,0.,1.));
#2167=DIRECTION('',(-1.,0.,0.));
#2168=DIRECTION('',(0.,0.,-1.));
#2169=DIRECTION('',(1.,0.,0.));
#2170=DIRECTION('',(0.,0.,-1.));
#2171=DIRECTION('',(-1.,0.,0.));
#2172=DIRECTION('',(0.,0.,1.));
#2173=DIRECTION('',(-1.,0.,0.));
#2174=DIRECTION('',(0.,0.,-1.));
#2175=DIRECTION('',(1.,0.,0.));
#2176=DIRECTION('',(0.,0.,-1.));
#2177=DIRECTION('',(-1.,0.,0.));
#2178=DIRECTION('',(0.,0.,1.));
#2179=DIRECTION('',(-1.,0.,0.));
#2180=DIRECTION('',(0.,0.,-1.));
#2181=DIRECTION('',(1.,0.,0.));
#2182=DIRECTION('',(0.,0.,-1.));
#2183=DIRECTION('',(-1.,0.,0.));
#2184=DIRECTION('',(0.,0.,1.));
#2185=DIRECTION('',(-1.,0.,0.));
#2186=DIRECTION('',(0.,0.,-1.));
#2187=DIRECTION('',(1.,0.,0.));
#2188=DIRECTION('',(0.,0.,-1.));
#2189=DIRECTION('',(-1.,0.,0.));
#2190=DIRECTION('',(0.,0.,1.));
#2191=DIRECTION('',(-1.,0.,0.));
#2192=DIRECTION('',(0.,0.,-1.));
#2193=DIRECTION('',(1.,0.,0.));
#2194=DIRECTION('',(0.,0.,-1.));
#2195=DIRECTION('',(-1.,0.,0.));
#2196=DIRECTION('',(0.,0.,1.));
#2197=DIRECTION('',(-1.,0.,0.));
#2198=DIRECTION('',(0.,0.,-1.));
#2199=DIRECTION('',(1.,0.,0.));
#2200=DIRECTION('',(0.,0.,-1.));
#2201=DIRECTION('',(-1.,0.,0.));
#2202=DIRECTION('',(0.,0.,-1.));
#2203=DIRECTION('',(-1.,0.,0.));
#2204=DIRECTION('',(0.,0.,1.));
#2205=DIRECTION('',(1.,0.,0.));
#2206=DIRECTION('',(0.,0.,-1.));
#2207=DIRECTION('',(-1.,0.,0.));
#2208=DIRECTION('',(0.,0.,-1.));
#2209=DIRECTION('',(-1.,0.,0.));
#2210=DIRECTION('',(0.,0.,1.));
#2211=DIRECTION('',(1.,0.,0.));
#2212=DIRECTION('',(0.,0.,-1.));
#2213=DIRECTION('',(-1.,0.,0.));
#2214=DIRECTION('',(0.,0.,-1.));
#2215=DIRECTION('',(-1.,0.,0.));
#2216=DIRECTION('',(0.,0.,1.));
#2217=DIRECTION('',(1.,0.,0.));
#2218=DIRECTION('',(0.,0.,-1.));
#2219=DIRECTION('',(-1.,0.,0.));
#2220=DIRECTION('',(0.,0.,-1.));
#2221=DIRECTION('',(-1.,0.,0.));
#2222=DIRECTION('',(0.,0.,1.));
#2223=DIRECTION('',(1.,0.,0.));
#2224=DIRECTION('',(0.,0.,-1.));
#2225=DIRECTION('',(-1.,0.,0.));
#2226=DIRECTION('',(0.,0.,-1.));
#2227=DIRECTION('',(-1.,0.,0.));
#2228=DIRECTION('',(0.,0.,1.));
#2229=DIRECTION('',(1.,0.,0.));
#2230=DIRECTION('',(0.,0.,-1.));
#2231=DIRECTION('',(-1.,0.,0.));
#2232=DIRECTION('',(0.,0.,-1.));
#2233=DIRECTION('',(-1.,0.,0.));
#2234=DIRECTION('',(0.,0.,1.));
#2235=DIRECTION('',(1.,0.,0.));
#2236=DIRECTION('',(0.,0.,-1.));
#2237=DIRECTION('',(-1.,0.,0.));
#2238=DIRECTION('',(0.,0.,-1.));
#2239=DIRECTION('',(-1.,0.,0.));
#2240=DIRECTION('',(0.,0.,1.));
#2241=DIRECTION('',(1.,0.,0.));
#2242=DIRECTION('',(0.,0.,-1.));
#2243=DIRECTION('',(-1.,0.,0.));
#2244=DIRECTION('',(0.,0.,-1.));
#2245=DIRECTION('',(-1.,0.,0.));
#2246=DIRECTION('',(0.,0.,1.));
#2247=DIRECTION('',(1.,0.,0.));
#2248=DIRECTION('',(0.,0.,-1.));
#2249=DIRECTION('',(-1.,0.,0.));
#2250=DIRECTION('',(0.,0.,-1.));
#2251=DIRECTION('',(-1.,0.,0.));
#2252=DIRECTION('',(0.,0.,1.));
#2253=DIRECTION('',(1.,0.,0.));
#2254=DIRECTION('',(0.,0.,-1.));
#2255=DIRECTION('',(-1.,0.,0.));
#2256=DIRECTION('',(0.,0.,-1.));
#2257=DIRECTION('',(-1.,0.,0.));
#2258=DIRECTION('',(0.,0.,1.));
#2259=DIRECTION('',(1.,0.,0.));
#2260=DIRECTION('',(0.,0.,-1.));
#2261=DIRECTION('',(-1.,0.,0.));
#2262=DIRECTION('',(0.,0.,-1.));
#2263=DIRECTION('',(-1.,0.,0.));
#2264=DIRECTION('',(0.,0.,1.));
#2265=DIRECTION('',(1.,0.,0.));
#2266=DIRECTION('',(0.,0.,-1.));
#2267=DIRECTION('',(-1.,0.,0.));
#2268=DIRECTION('',(0.,0.,-1.));
#2269=DIRECTION('',(-1.,0.,0.));
#2270=DIRECTION('',(0.,0.,1.));
#2271=DIRECTION('',(1.,0.,0.));
#2272=DIRECTION('',(0.,0.,-1.));
#2273=DIRECTION('',(-1.,0.,0.));
#2274=DIRECTION('',(0.,0.,-1.));
#2275=DIRECTION('',(-1.,0.,0.));
#2276=DIRECTION('',(0.,0.,1.));
#2277=DIRECTION('',(1.,0.,0.));
#2278=DIRECTION('',(0.,0.,-1.));
#2279=DIRECTION('',(-1.,0.,0.));
#2280=DIRECTION('',(0.,0.,-1.));
#2281=DIRECTION('',(-1.,0.,0.));
#2282=DIRECTION('',(0.,0.,1.));
#2283=DIRECTION('',(1.,0.,0.));
#2284=DIRECTION('',(0.,0.,-1.));
#2285=DIRECTION('',(-1.,0.,0.));
#2286=DIRECTION('',(0.,0.,-1.));
#2287=DIRECTION('',(-1.,0.,0.));
#2288=DIRECTION('',(0.,0.,1.));
#2289=DIRECTION('',(1.,0.,0.));
#2290=DIRECTION('',(0.,0.,-1.));
#2291=DIRECTION('',(-1.,0.,0.));
#2292=DIRECTION('',(0.,0.,-1.));
#2293=DIRECTION('',(-1.,0.,0.));
#2294=DIRECTION('',(0.,0.,1.));
#2295=DIRECTION('',(1.,0.,0.));
#2296=DIRECTION('',(0.,0.,-1.));
#2297=DIRECTION('',(-1.,0.,0.));
#2298=DIRECTION('',(0.,0.,-1.));
#2299=DIRECTION('',(-1.,0.,0.));
#2300=DIRECTION('',(0.,0.,1.));
#2301=DIRECTION('',(1.,0.,0.));
#2302=DIRECTION('',(0.,0.,1.));
#2303=DIRECTION('',(1.,0.,0.));
#2304=DIRECTION('',(0.702470164122486,-0.711713192597782,0.));
#2305=DIRECTION('',(0.,-1.,0.));
#2306=DIRECTION('',(0.702470164122486,0.711713192597782,0.));
#2307=DIRECTION('',(0.,-1.,0.));
#2308=DIRECTION('',(0.,0.,1.));
#2309=DIRECTION('',(1.,0.,0.));
#2310=DIRECTION('',(0.,0.,1.));
#2311=DIRECTION('',(1.,0.,0.));
#2312=DIRECTION('',(0.,0.,1.));
#2313=DIRECTION('',(1.,0.,0.));
#2314=DIRECTION('',(0.,0.,-1.));
#2315=DIRECTION('',(-1.,0.,0.));
#2316=DIRECTION('',(1.,0.,0.));
#2317=DIRECTION('',(0.,1.,0.));
#2318=DIRECTION('',(-0.707106781186548,-0.707106781186547,0.));
#2319=DIRECTION('',(-4.54169526609836E-17,-1.,0.));
#2320=DIRECTION('',(0.666666666666666,-0.745355992499931,0.));
#2321=DIRECTION('',(1.,2.64554778471409E-16,0.));
#2322=DIRECTION('',(0.,1.,0.));
#2323=DIRECTION('',(-1.,1.56281394232145E-16,0.));
#2324=DIRECTION('',(-3.71063845128728E-16,1.,0.));
#2325=DIRECTION('',(-1.,1.56281394232145E-16,0.));
#2326=DIRECTION('',(0.,-1.,0.));
#2327=DIRECTION('',(1.,0.,0.));
#2328=DIRECTION('',(0.666666666666666,0.745355992499931,0.));
#2329=DIRECTION('',(-4.54169526609836E-17,1.,0.));
#2330=DIRECTION('',(-0.707106781186548,0.707106781186547,0.));
#2331=DIRECTION('',(0.,1.,0.));
#2332=DIRECTION('',(1.,0.,0.));
#2333=DIRECTION('',(-4.54169526609836E-17,1.,0.));
#2334=DIRECTION('',(-0.711713192597783,-0.702470164122486,0.));
#2335=DIRECTION('',(0.702470164122486,-0.711713192597782,0.));
#2336=DIRECTION('',(0.,0.,1.));
#2337=DIRECTION('',(0.702470164122486,-0.711713192597782,0.));
#2338=DIRECTION('',(0.,0.,1.));
#2339=DIRECTION('',(0.,-1.,0.));
#2340=DIRECTION('',(0.,0.,-1.));
#2341=DIRECTION('',(0.,0.,1.));
#2342=DIRECTION('',(1.,0.,0.));
#2343=DIRECTION('',(0.,0.,1.));
#2344=DIRECTION('',(0.745355992499931,-0.666666666666666,0.));
#2345=DIRECTION('',(0.666666666666666,0.745355992499931,0.));
#2346=DIRECTION('',(0.666666666666666,0.745355992499931,0.));
#2347=DIRECTION('',(0.,0.,1.));
#2348=DIRECTION('',(1.,4.54169526609836E-17,0.));
#2349=DIRECTION('',(-4.54169526609836E-17,1.,0.));
#2350=DIRECTION('',(-4.54169526609836E-17,1.,0.));
#2351=DIRECTION('',(0.,0.,1.));
#2352=DIRECTION('',(0.707106781186547,0.707106781186548,0.));
#2353=DIRECTION('',(-0.707106781186548,0.707106781186547,0.));
#2354=DIRECTION('',(-0.707106781186548,0.707106781186547,0.));
#2355=DIRECTION('',(0.,0.,1.));
#2356=DIRECTION('',(1.,0.,0.));
#2357=DIRECTION('',(0.,0.,-1.));
#2358=DIRECTION('',(0.,1.,0.));
#2359=DIRECTION('',(0.,-1.,0.));
#2360=DIRECTION('',(0.,0.,-1.));
#2361=DIRECTION('',(0.,-1.,0.));
#2362=DIRECTION('',(0.,0.,-1.));
#2363=DIRECTION('',(0.,-1.,0.));
#2364=DIRECTION('',(0.,0.,-1.));
#2365=DIRECTION('',(0.,-1.,0.));
#2366=DIRECTION('',(0.,0.,-1.));
#2367=DIRECTION('',(0.,-1.,0.));
#2368=DIRECTION('',(0.,0.,1.));
#2369=DIRECTION('',(-0.707106781186547,0.707106781186548,0.));
#2370=DIRECTION('',(-0.707106781186548,-0.707106781186547,0.));
#2371=DIRECTION('',(-0.707106781186548,-0.707106781186547,0.));
#2372=DIRECTION('',(0.,0.,1.));
#2373=DIRECTION('',(-1.,4.54169526609836E-17,0.));
#2374=DIRECTION('',(-4.54169526609836E-17,-1.,0.));
#2375=DIRECTION('',(-4.54169526609836E-17,-1.,0.));
#2376=DIRECTION('',(0.,0.,1.));
#2377=DIRECTION('',(-0.745355992499931,-0.666666666666666,0.));
#2378=DIRECTION('',(0.666666666666666,-0.745355992499931,0.));
#2379=DIRECTION('',(0.666666666666666,-0.745355992499931,0.));
#2380=DIRECTION('',(0.,0.,1.));
#2381=DIRECTION('',(2.64554778471409E-16,-1.,0.));
#2382=DIRECTION('',(1.,2.64554778471409E-16,0.));
#2383=DIRECTION('',(1.,2.64554778471409E-16,0.));
#2384=DIRECTION('',(0.,0.,1.));
#2385=DIRECTION('',(1.,0.,0.));
#2386=DIRECTION('',(0.,0.,-1.));
#2387=DIRECTION('',(0.,0.,-1.));
#2388=DIRECTION('',(0.,-1.,0.));
#2389=DIRECTION('',(0.,0.,-1.));
#2390=DIRECTION('',(0.,1.,0.));
#2391=DIRECTION('',(0.,0.,1.));
#2392=DIRECTION('',(0.,-1.,0.));
#2393=DIRECTION('',(0.711713192597783,-0.702470164122486,0.));
#2394=DIRECTION('',(0.702470164122486,0.711713192597782,0.));
#2395=DIRECTION('',(0.702470164122486,0.711713192597782,0.));
#2396=DIRECTION('',(0.,0.,1.));
#2397=DIRECTION('',(-1.,0.,0.));
#2398=DIRECTION('',(0.,0.,1.));
#2399=DIRECTION('',(0.,-1.,0.));
#2400=DIRECTION('',(0.,0.,1.));
#2401=DIRECTION('',(1.,0.,0.));
#2402=DIRECTION('',(0.,0.,1.));
#2403=DIRECTION('',(1.,0.,0.));
#2404=DIRECTION('',(1.,0.,0.));
#2405=DIRECTION('',(1.,0.,0.));
#2406=DIRECTION('',(0.,-1.,0.));
#2407=DIRECTION('',(-1.56281394232145E-16,-1.,0.));
#2408=DIRECTION('',(1.,-1.56281394232145E-16,0.));
#2409=DIRECTION('',(0.,0.,-1.));
#2410=DIRECTION('',(-1.,1.56281394232145E-16,0.));
#2411=DIRECTION('',(-1.,-3.71063845128728E-16,0.));
#2412=DIRECTION('',(3.71063845128728E-16,-1.,0.));
#2413=DIRECTION('',(0.,0.,-1.));
#2414=DIRECTION('',(-3.71063845128728E-16,1.,0.));
#2415=DIRECTION('',(-1.56281394232145E-16,-1.,0.));
#2416=DIRECTION('',(1.,-1.56281394232145E-16,0.));
#2417=DIRECTION('',(-1.,1.56281394232145E-16,0.));
#2418=DIRECTION('',(0.,0.,-1.));
#2419=DIRECTION('',(-1.,0.,0.));
#2420=DIRECTION('',(1.,0.,0.));
#2421=DIRECTION('',(-4.54169526609836E-17,1.,0.));
#2422=DIRECTION('',(1.,0.,0.));
#2423=DIRECTION('',(1.,0.,0.));
#2424=DIRECTION('',(0.,0.,-1.));
#2425=DIRECTION('',(-1.,-4.54169526609836E-17,0.));
#2426=DIRECTION('',(4.54169526609836E-17,-1.,0.));
#2427=DIRECTION('',(1.,0.,0.));
#2428=DIRECTION('',(-1.,-4.54169526609836E-17,0.));
#2429=DIRECTION('',(4.54169526609836E-17,-1.,0.));
#2430=DIRECTION('',(0.,0.,1.));
#2431=DIRECTION('',(1.,0.,0.));
#2432=DIRECTION('',(-4.54169526609836E-17,1.,0.));
#2433=DIRECTION('',(1.,0.,0.));
#2434=DIRECTION('',(-4.54169526609836E-17,1.,0.));
#2435=DIRECTION('',(1.,0.,0.));
#2436=DIRECTION('',(0.,0.,-1.));
#2437=DIRECTION('',(1.,4.54169526609836E-17,0.));
#2438=DIRECTION('',(4.54169526609836E-17,-1.,0.));
#2439=DIRECTION('',(1.,4.54169526609836E-17,0.));
#2440=DIRECTION('',(4.54169526609836E-17,-1.,0.));
#2441=DIRECTION('',(-1.,-4.54169526609836E-17,0.));
#2442=DIRECTION('',(4.54169526609836E-17,-1.,0.));
#2443=DIRECTION('',(-1.,-4.54169526609836E-17,0.));
#2444=DIRECTION('',(4.54169526609836E-17,-1.,0.));
#2445=DIRECTION('',(0.,0.,-1.));
#2446=DIRECTION('',(-1.,0.,0.));
#2447=DIRECTION('',(0.,-1.,0.));
#2448=DIRECTION('',(0.,0.,-1.));
#2449=DIRECTION('',(0.,0.,-1.));
#2450=DIRECTION('',(1.,0.,0.));
#2451=DIRECTION('',(1.,0.,0.));
#2452=DIRECTION('',(0.,0.,-1.));
#2453=DIRECTION('',(-1.,0.,0.));
#2454=DIRECTION('',(0.,-1.,0.));
#2455=DIRECTION('',(1.,0.,0.));
#2456=DIRECTION('',(0.,-1.,0.));
#2457=DIRECTION('',(0.,0.,-1.));
#2458=DIRECTION('',(0.,0.,-1.));
#2459=DIRECTION('',(0.,1.,0.));
#2460=DIRECTION('',(0.,0.,1.));
#2461=DIRECTION('',(0.,0.,-1.));
#2462=DIRECTION('',(1.,0.,0.));
#2463=DIRECTION('',(0.,0.,-1.));
#2464=DIRECTION('',(-1.,0.,0.));
#2465=DIRECTION('',(0.,-1.,0.));
#2466=DIRECTION('',(1.,0.,0.));
#2467=DIRECTION('',(0.,1.,0.));
#2468=DIRECTION('',(0.,0.,1.));
#2469=DIRECTION('',(0.,0.,-1.));
#2470=DIRECTION('',(1.,0.,0.));
#2471=DIRECTION('',(0.,0.,-1.));
#2472=DIRECTION('',(-1.,0.,0.));
#2473=DIRECTION('',(0.,-1.,0.));
#2474=DIRECTION('',(-1.,0.,0.));
#2475=DIRECTION('',(0.,-1.,0.));
#2476=DIRECTION('',(0.,0.,-1.));
#2477=DIRECTION('',(-1.,0.,0.));
#2478=DIRECTION('',(0.,0.,1.));
#2479=DIRECTION('',(1.,0.,0.));
#2480=DIRECTION('',(0.,0.,1.));
#2481=DIRECTION('',(1.,0.,0.));
#2482=DIRECTION('',(0.,0.,-1.));
#2483=DIRECTION('',(-1.,0.,0.));
#2484=DIRECTION('',(0.,0.,-1.));
#2485=DIRECTION('',(1.,0.,0.));
#2486=DIRECTION('',(0.,0.,1.));
#2487=DIRECTION('',(1.,0.,0.));
#2488=DIRECTION('',(6.80283716069336E-16,-1.,0.));
#2489=DIRECTION('',(1.,6.80283716069336E-16,0.));
#2490=DIRECTION('',(0.,0.,1.));
#2491=DIRECTION('',(1.,6.80283716069336E-16,0.));
#2492=DIRECTION('',(0.,0.,1.));
#2493=DIRECTION('',(1.,6.80283716069336E-16,0.));
#2494=DIRECTION('',(-1.,-5.29686557550171E-16,0.));
#2495=DIRECTION('',(5.29686557550171E-16,-1.,0.));
#2496=DIRECTION('',(5.29686557550171E-16,-1.,0.));
#2497=DIRECTION('',(0.,0.,1.));
#2498=DIRECTION('',(5.29686557550171E-16,-1.,0.));
#2499=DIRECTION('',(0.,-1.,0.));
#2500=DIRECTION('',(0.,0.,-1.));
#2501=DIRECTION('',(1.,0.,0.));
#2502=DIRECTION('',(0.,0.,1.));
#2503=DIRECTION('',(1.,0.,0.));
#2504=DIRECTION('',(-1.,0.,0.));
#2505=DIRECTION('',(0.,0.,1.));
#2506=DIRECTION('',(0.,-1.,0.));
#2507=DIRECTION('',(0.,-1.,0.));
#2508=DIRECTION('',(0.,0.,1.));
#2509=DIRECTION('',(1.,0.,0.));
#2510=DIRECTION('',(0.,-1.,0.));
#2511=DIRECTION('',(0.,0.,-1.));
#2512=DIRECTION('',(-0.707106781186548,-0.707106781186548,0.));
#2513=DIRECTION('',(0.707106781186548,-0.707106781186548,0.));
#2514=DIRECTION('',(0.707106781186548,-0.707106781186547,0.));
#2515=DIRECTION('',(0.707106781186547,0.707106781186548,0.));
#2516=DIRECTION('',(1.,6.80283716069336E-16,0.));
#2517=DIRECTION('',(-6.80283716069336E-16,1.,0.));
#2518=DIRECTION('',(0.707106781186547,0.707106781186548,0.));
#2519=DIRECTION('',(-0.707106781186548,0.707106781186547,0.));
#2520=DIRECTION('',(-1.,0.,0.));
#2521=DIRECTION('',(0.,0.,1.));
#2522=DIRECTION('',(-0.707106781186548,0.707106781186547,0.));
#2523=DIRECTION('',(0.707106781186547,0.707106781186548,0.));
#2524=DIRECTION('',(-5.29686557550171E-16,1.,0.));
#2525=DIRECTION('',(-1.,-5.29686557550171E-16,0.));
#2526=DIRECTION('',(-3.71063845128728E-16,1.,0.));
#2527=DIRECTION('',(-1.,-3.71063845128728E-16,0.));
#2528=DIRECTION('',(-0.707106781186548,0.707106781186547,0.));
#2529=DIRECTION('',(-0.707106781186548,-0.707106781186548,0.));
#2530=DIRECTION('',(0.707106781186548,0.707106781186548,0.));
#2531=DIRECTION('',(-0.707106781186548,0.707106781186547,0.));
#2532=DIRECTION('',(1.,-1.56281394232145E-16,0.));
#2533=DIRECTION('',(1.56281394232145E-16,1.,0.));
#2534=DIRECTION('',(0.707106781186548,-0.707106781186548,0.));
#2535=DIRECTION('',(0.707106781186548,0.707106781186548,0.));
#2536=DIRECTION('',(-1.,1.56281394232145E-16,0.));
#2537=DIRECTION('',(-1.56281394232145E-16,-1.,0.));
#2538=DIRECTION('',(-0.707106781186548,-0.707106781186548,0.));
#2539=DIRECTION('',(-0.707106781186548,0.707106781186548,0.));
#2540=DIRECTION('',(0.,-1.,0.));
#2541=DIRECTION('',(0.,0.,-1.));
#2542=CARTESIAN_POINT('',(0.,0.,0.));
#2543=CARTESIAN_POINT('',(0.00858002027130773,-6.93889390390723E-18,0.005));
#2544=CARTESIAN_POINT('',(0.0181,-0.00525,0.005));
#2545=CARTESIAN_POINT('',(0.0438,-0.00525,0.005));
#2546=CARTESIAN_POINT('',(0.0179,-0.00525,0.005));
#2547=CARTESIAN_POINT('',(0.0179,0.00805,0.005));
#2548=CARTESIAN_POINT('',(0.0179,0.00825,0.005));
#2549=CARTESIAN_POINT('',(0.00858002027130773,0.00825,0.005));
#2550=CARTESIAN_POINT('',(0.0438,0.00825,0.005));
#2551=CARTESIAN_POINT('',(0.0438,-6.93889390390723E-18,0.005));
#2552=CARTESIAN_POINT('',(0.00858002027130773,-0.00915,0.005));
#2553=CARTESIAN_POINT('',(0.0148,-0.00915,0.005));
#2554=CARTESIAN_POINT('',(0.0477,-0.00915,0.005));
#2555=CARTESIAN_POINT('',(0.0477,-6.93889390390723E-18,0.005));
#2556=CARTESIAN_POINT('',(0.0477,0.00915,0.005));
#2557=CARTESIAN_POINT('',(0.0146,0.00915,0.005));
#2558=CARTESIAN_POINT('',(0.0148,0.00915,0.005));
#2559=CARTESIAN_POINT('',(0.0148,-4.63088430915593E-18,0.005));
#2560=CARTESIAN_POINT('',(0.04568,-0.0111,0.));
#2561=CARTESIAN_POINT('',(0.04568,-0.0111,4.33680868994202E-19));
#2562=CARTESIAN_POINT('',(0.04518,-0.0111,4.33680868994202E-19));
#2563=CARTESIAN_POINT('',(0.04568,-0.0111,-0.002));
#2564=CARTESIAN_POINT('',(0.04618,-0.0111,-0.002));
#2565=CARTESIAN_POINT('',(0.04314,-0.0111,0.));
#2566=CARTESIAN_POINT('',(0.04314,-0.0111,4.33680868994202E-19));
#2567=CARTESIAN_POINT('',(0.04264,-0.0111,4.33680868994202E-19));
#2568=CARTESIAN_POINT('',(0.04314,-0.0111,-0.002));
#2569=CARTESIAN_POINT('',(0.04364,-0.0111,-0.002));
#2570=CARTESIAN_POINT('',(0.0406,-0.0111,0.));
#2571=CARTESIAN_POINT('',(0.0406,-0.0111,4.33680868994202E-19));
#2572=CARTESIAN_POINT('',(0.0401,-0.0111,4.33680868994202E-19));
#2573=CARTESIAN_POINT('',(0.0406,-0.0111,-0.002));
#2574=CARTESIAN_POINT('',(0.0411,-0.0111,-0.002));
#2575=CARTESIAN_POINT('',(0.03806,-0.0111,0.));
#2576=CARTESIAN_POINT('',(0.03806,-0.0111,4.33680868994202E-19));
#2577=CARTESIAN_POINT('',(0.03756,-0.0111,4.33680868994202E-19));
#2578=CARTESIAN_POINT('',(0.03806,-0.0111,-0.002));
#2579=CARTESIAN_POINT('',(0.03856,-0.0111,-0.002));
#2580=CARTESIAN_POINT('',(0.03552,-0.0111,0.));
#2581=CARTESIAN_POINT('',(0.03552,-0.0111,4.33680868994202E-19));
#2582=CARTESIAN_POINT('',(0.03502,-0.0111,4.33680868994202E-19));
#2583=CARTESIAN_POINT('',(0.03552,-0.0111,-0.002));
#2584=CARTESIAN_POINT('',(0.03602,-0.0111,-0.002));
#2585=CARTESIAN_POINT('',(0.03298,-0.0111,0.));
#2586=CARTESIAN_POINT('',(0.03298,-0.0111,4.33680868994202E-19));
#2587=CARTESIAN_POINT('',(0.03248,-0.0111,4.33680868994202E-19));
#2588=CARTESIAN_POINT('',(0.03298,-0.0111,-0.002));
#2589=CARTESIAN_POINT('',(0.03348,-0.0111,-0.002));
#2590=CARTESIAN_POINT('',(0.03044,-0.0111,0.));
#2591=CARTESIAN_POINT('',(0.03044,-0.0111,4.33680868994202E-19));
#2592=CARTESIAN_POINT('',(0.02994,-0.0111,4.33680868994202E-19));
#2593=CARTESIAN_POINT('',(0.03044,-0.0111,-0.002));
#2594=CARTESIAN_POINT('',(0.03094,-0.0111,-0.002));
#2595=CARTESIAN_POINT('',(0.0279,-0.0111,0.));
#2596=CARTESIAN_POINT('',(0.0279,-0.0111,4.33680868994202E-19));
#2597=CARTESIAN_POINT('',(0.0274,-0.0111,4.33680868994202E-19));
#2598=CARTESIAN_POINT('',(0.0279,-0.0111,-0.002));
#2599=CARTESIAN_POINT('',(0.0284,-0.0111,-0.002));
#2600=CARTESIAN_POINT('',(0.02536,-0.0111,0.));
#2601=CARTESIAN_POINT('',(0.02536,-0.0111,4.33680868994202E-19));
#2602=CARTESIAN_POINT('',(0.02486,-0.0111,4.33680868994202E-19));
#2603=CARTESIAN_POINT('',(0.02536,-0.0111,-0.002));
#2604=CARTESIAN_POINT('',(0.02586,-0.0111,-0.002));
#2605=CARTESIAN_POINT('',(0.02282,-0.0111,0.));
#2606=CARTESIAN_POINT('',(0.02282,-0.0111,4.33680868994202E-19));
#2607=CARTESIAN_POINT('',(0.02232,-0.0111,4.33680868994202E-19));
#2608=CARTESIAN_POINT('',(0.02282,-0.0111,-0.002));
#2609=CARTESIAN_POINT('',(0.02332,-0.0111,-0.002));
#2610=CARTESIAN_POINT('',(0.02028,-0.0111,0.));
#2611=CARTESIAN_POINT('',(0.02028,-0.0111,4.33680868994202E-19));
#2612=CARTESIAN_POINT('',(0.01978,-0.0111,4.33680868994202E-19));
#2613=CARTESIAN_POINT('',(0.02028,-0.0111,-0.002));
#2614=CARTESIAN_POINT('',(0.02078,-0.0111,-0.002));
#2615=CARTESIAN_POINT('',(0.01774,-0.0111,0.));
#2616=CARTESIAN_POINT('',(0.01774,-0.0111,4.33680868994202E-19));
#2617=CARTESIAN_POINT('',(0.01724,-0.0111,4.33680868994202E-19));
#2618=CARTESIAN_POINT('',(0.01774,-0.0111,-0.002));
#2619=CARTESIAN_POINT('',(0.01824,-0.0111,-0.002));
#2620=CARTESIAN_POINT('',(0.0152,-0.0111,0.));
#2621=CARTESIAN_POINT('',(0.0152,-0.0111,4.33680868994202E-19));
#2622=CARTESIAN_POINT('',(0.0147,-0.0111,4.33680868994202E-19));
#2623=CARTESIAN_POINT('',(0.0152,-0.0111,-0.002));
#2624=CARTESIAN_POINT('',(0.0157,-0.0111,-0.002));
#2625=CARTESIAN_POINT('',(0.01266,-0.0111,0.));
#2626=CARTESIAN_POINT('',(0.01266,-0.0111,4.33680868994202E-19));
#2627=CARTESIAN_POINT('',(0.01216,-0.0111,4.33680868994202E-19));
#2628=CARTESIAN_POINT('',(0.01266,-0.0111,-0.002));
#2629=CARTESIAN_POINT('',(0.01316,-0.0111,-0.002));
#2630=CARTESIAN_POINT('',(0.01012,-0.0111,0.));
#2631=CARTESIAN_POINT('',(0.01012,-0.0111,4.33680868994202E-19));
#2632=CARTESIAN_POINT('',(0.00962,-0.0111,4.33680868994202E-19));
#2633=CARTESIAN_POINT('',(0.01012,-0.0111,-0.002));
#2634=CARTESIAN_POINT('',(0.01062,-0.0111,-0.002));
#2635=CARTESIAN_POINT('',(0.00758,-0.0111,0.));
#2636=CARTESIAN_POINT('',(0.00758,-0.0111,4.33680868994202E-19));
#2637=CARTESIAN_POINT('',(0.00708,-0.0111,4.33680868994202E-19));
#2638=CARTESIAN_POINT('',(0.00758,-0.0111,-0.002));
#2639=CARTESIAN_POINT('',(0.00808,-0.0111,-0.002));
#2640=CARTESIAN_POINT('',(0.00504,-0.0111,0.));
#2641=CARTESIAN_POINT('',(0.00504,-0.0111,4.33680868994202E-19));
#2642=CARTESIAN_POINT('',(0.00454,-0.0111,4.33680868994202E-19));
#2643=CARTESIAN_POINT('',(0.00504,-0.0111,-0.002));
#2644=CARTESIAN_POINT('',(0.00554,-0.0111,-0.002));
#2645=CARTESIAN_POINT('',(0.0025,-0.0111,0.));
#2646=CARTESIAN_POINT('',(0.0025,-0.0111,4.33680868994202E-19));
#2647=CARTESIAN_POINT('',(0.002,-0.0111,4.33680868994202E-19));
#2648=CARTESIAN_POINT('',(0.0025,-0.0111,-0.002));
#2649=CARTESIAN_POINT('',(0.003,-0.0111,-0.002));
#2650=CARTESIAN_POINT('',(0.04568,0.0111,0.));
#2651=CARTESIAN_POINT('',(0.04568,0.0111,4.33680868994202E-19));
#2652=CARTESIAN_POINT('',(0.04518,0.0111,4.33680868994202E-19));
#2653=CARTESIAN_POINT('',(0.04568,0.0111,-0.002));
#2654=CARTESIAN_POINT('',(0.04618,0.0111,-0.002));
#2655=CARTESIAN_POINT('',(0.04314,0.0111,0.));
#2656=CARTESIAN_POINT('',(0.04314,0.0111,4.33680868994202E-19));
#2657=CARTESIAN_POINT('',(0.04264,0.0111,4.33680868994202E-19));
#2658=CARTESIAN_POINT('',(0.04314,0.0111,-0.002));
#2659=CARTESIAN_POINT('',(0.04364,0.0111,-0.002));
#2660=CARTESIAN_POINT('',(0.0406,0.0111,0.));
#2661=CARTESIAN_POINT('',(0.0406,0.0111,4.33680868994202E-19));
#2662=CARTESIAN_POINT('',(0.0401,0.0111,4.33680868994202E-19));
#2663=CARTESIAN_POINT('',(0.0406,0.0111,-0.002));
#2664=CARTESIAN_POINT('',(0.0411,0.0111,-0.002));
#2665=CARTESIAN_POINT('',(0.03806,0.0111,0.));
#2666=CARTESIAN_POINT('',(0.03806,0.0111,4.33680868994202E-19));
#2667=CARTESIAN_POINT('',(0.03756,0.0111,4.33680868994202E-19));
#2668=CARTESIAN_POINT('',(0.03806,0.0111,-0.002));
#2669=CARTESIAN_POINT('',(0.03856,0.0111,-0.002));
#2670=CARTESIAN_POINT('',(0.03552,0.0111,0.));
#2671=CARTESIAN_POINT('',(0.03552,0.0111,4.33680868994202E-19));
#2672=CARTESIAN_POINT('',(0.03502,0.0111,4.33680868994202E-19));
#2673=CARTESIAN_POINT('',(0.03552,0.0111,-0.002));
#2674=CARTESIAN_POINT('',(0.03602,0.0111,-0.002));
#2675=CARTESIAN_POINT('',(0.03298,0.0111,0.));
#2676=CARTESIAN_POINT('',(0.03298,0.0111,4.33680868994202E-19));
#2677=CARTESIAN_POINT('',(0.03248,0.0111,4.33680868994202E-19));
#2678=CARTESIAN_POINT('',(0.03298,0.0111,-0.002));
#2679=CARTESIAN_POINT('',(0.03348,0.0111,-0.002));
#2680=CARTESIAN_POINT('',(0.03044,0.0111,0.));
#2681=CARTESIAN_POINT('',(0.03044,0.0111,4.33680868994202E-19));
#2682=CARTESIAN_POINT('',(0.02994,0.0111,4.33680868994202E-19));
#2683=CARTESIAN_POINT('',(0.03044,0.0111,-0.002));
#2684=CARTESIAN_POINT('',(0.03094,0.0111,-0.002));
#2685=CARTESIAN_POINT('',(0.0279,0.0111,0.));
#2686=CARTESIAN_POINT('',(0.0279,0.0111,4.33680868994202E-19));
#2687=CARTESIAN_POINT('',(0.0274,0.0111,4.33680868994202E-19));
#2688=CARTESIAN_POINT('',(0.0279,0.0111,-0.002));
#2689=CARTESIAN_POINT('',(0.0284,0.0111,-0.002));
#2690=CARTESIAN_POINT('',(0.02536,0.0111,0.));
#2691=CARTESIAN_POINT('',(0.02536,0.0111,4.33680868994202E-19));
#2692=CARTESIAN_POINT('',(0.02486,0.0111,4.33680868994202E-19));
#2693=CARTESIAN_POINT('',(0.02536,0.0111,-0.002));
#2694=CARTESIAN_POINT('',(0.02586,0.0111,-0.002));
#2695=CARTESIAN_POINT('',(0.02282,0.0111,0.));
#2696=CARTESIAN_POINT('',(0.02282,0.0111,4.33680868994202E-19));
#2697=CARTESIAN_POINT('',(0.02232,0.0111,4.33680868994202E-19));
#2698=CARTESIAN_POINT('',(0.02282,0.0111,-0.002));
#2699=CARTESIAN_POINT('',(0.02332,0.0111,-0.002));
#2700=CARTESIAN_POINT('',(0.02028,0.0111,0.));
#2701=CARTESIAN_POINT('',(0.02028,0.0111,4.33680868994202E-19));
#2702=CARTESIAN_POINT('',(0.01978,0.0111,4.33680868994202E-19));
#2703=CARTESIAN_POINT('',(0.02028,0.0111,-0.002));
#2704=CARTESIAN_POINT('',(0.02078,0.0111,-0.002));
#2705=CARTESIAN_POINT('',(0.01774,0.0111,0.));
#2706=CARTESIAN_POINT('',(0.01774,0.0111,4.33680868994202E-19));
#2707=CARTESIAN_POINT('',(0.01724,0.0111,4.33680868994202E-19));
#2708=CARTESIAN_POINT('',(0.01774,0.0111,-0.002));
#2709=CARTESIAN_POINT('',(0.01824,0.0111,-0.002));
#2710=CARTESIAN_POINT('',(0.0152,0.0111,0.));
#2711=CARTESIAN_POINT('',(0.0152,0.0111,4.33680868994202E-19));
#2712=CARTESIAN_POINT('',(0.0147,0.0111,4.33680868994202E-19));
#2713=CARTESIAN_POINT('',(0.0152,0.0111,-0.002));
#2714=CARTESIAN_POINT('',(0.0157,0.0111,-0.002));
#2715=CARTESIAN_POINT('',(0.01266,0.0111,0.));
#2716=CARTESIAN_POINT('',(0.01266,0.0111,4.33680868994202E-19));
#2717=CARTESIAN_POINT('',(0.01216,0.0111,4.33680868994202E-19));
#2718=CARTESIAN_POINT('',(0.01266,0.0111,-0.002));
#2719=CARTESIAN_POINT('',(0.01316,0.0111,-0.002));
#2720=CARTESIAN_POINT('',(0.01012,0.0111,0.));
#2721=CARTESIAN_POINT('',(0.01012,0.0111,4.33680868994202E-19));
#2722=CARTESIAN_POINT('',(0.00962,0.0111,4.33680868994202E-19));
#2723=CARTESIAN_POINT('',(0.01012,0.0111,-0.002));
#2724=CARTESIAN_POINT('',(0.01062,0.0111,-0.002));
#2725=CARTESIAN_POINT('',(0.00758,0.0111,0.));
#2726=CARTESIAN_POINT('',(0.00758,0.0111,4.33680868994202E-19));
#2727=CARTESIAN_POINT('',(0.00708,0.0111,4.33680868994202E-19));
#2728=CARTESIAN_POINT('',(0.00758,0.0111,-0.002));
#2729=CARTESIAN_POINT('',(0.00808,0.0111,-0.002));
#2730=CARTESIAN_POINT('',(0.00504,0.0111,0.));
#2731=CARTESIAN_POINT('',(0.00504,0.0111,4.33680868994202E-19));
#2732=CARTESIAN_POINT('',(0.00454,0.0111,4.33680868994202E-19));
#2733=CARTESIAN_POINT('',(0.00504,0.0111,-0.002));
#2734=CARTESIAN_POINT('',(0.00554,0.0111,-0.002));
#2735=CARTESIAN_POINT('',(0.00858002027130773,-6.93889390390723E-18,0.));
#2736=CARTESIAN_POINT('',(0.0498,0.007125,0.));
#2737=CARTESIAN_POINT('',(0.0479,0.00905,0.));
#2738=CARTESIAN_POINT('',(0.0517,0.0052,0.));
#2739=CARTESIAN_POINT('',(0.0479,0.0092,0.));
#2740=CARTESIAN_POINT('',(0.0479,-0.00905,0.));
#2741=CARTESIAN_POINT('',(0.0498,-0.007125,0.));
#2742=CARTESIAN_POINT('',(0.0517,-0.0052,0.));
#2743=CARTESIAN_POINT('',(0.0517,0.0026,0.));
#2744=CARTESIAN_POINT('',(0.00858002027130773,-6.93889390390723E-18,0.));
#2745=CARTESIAN_POINT('',(0.0035,-0.00805,0.));
#2746=CARTESIAN_POINT('',(0.0044,-0.00805,0.));
#2747=CARTESIAN_POINT('',(0.0035,0.00805,0.));
#2748=CARTESIAN_POINT('',(0.0044,0.00805,0.));
#2749=CARTESIAN_POINT('',(0.0025,0.0111,4.33680868994202E-19));
#2750=CARTESIAN_POINT('',(0.002,0.0111,4.33680868994202E-19));
#2751=CARTESIAN_POINT('',(6.10097406783667E-19,-0.003,2.16840434497101E-18));
#2752=CARTESIAN_POINT('',(0.002,-0.003,2.16840434497101E-18));
#2753=CARTESIAN_POINT('',(0.007,-0.003,1.0842021724855E-18));
#2754=CARTESIAN_POINT('',(0.002,0.0019,0.));
#2755=CARTESIAN_POINT('',(0.002,-0.0038,0.));
#2756=CARTESIAN_POINT('',(0.001,-0.0048,0.));
#2757=CARTESIAN_POINT('',(-1.0842021724855E-19,-0.0058,0.));
#2758=CARTESIAN_POINT('',(1.01111161977469E-19,-0.00820696601125011,0.));
#2759=CARTESIAN_POINT('',(-8.20589941207383E-21,-0.0106139320225002,0.));
#2760=CARTESIAN_POINT('',(0.001,-0.0117319660112501,0.));
#2761=CARTESIAN_POINT('',(0.002,-0.01285,0.));
#2762=CARTESIAN_POINT('',(0.02495,-0.01285,0.));
#2763=CARTESIAN_POINT('',(0.0479,-0.01285,0.));
#2764=CARTESIAN_POINT('',(0.0479,-0.0111,0.));
#2765=CARTESIAN_POINT('',(0.0479,-0.00935,0.));
#2766=CARTESIAN_POINT('',(0.03125,-0.00935,0.));
#2767=CARTESIAN_POINT('',(0.0146,-0.00935,0.));
#2768=CARTESIAN_POINT('',(0.0146,0.004675,0.));
#2769=CARTESIAN_POINT('',(0.0146,0.00935,0.));
#2770=CARTESIAN_POINT('',(0.03125,0.00935,0.));
#2771=CARTESIAN_POINT('',(0.0479,0.00935,0.));
#2772=CARTESIAN_POINT('',(0.0479,0.0111,0.));
#2773=CARTESIAN_POINT('',(0.0479,0.01285,0.));
#2774=CARTESIAN_POINT('',(0.02495,0.01285,0.));
#2775=CARTESIAN_POINT('',(0.002,0.01285,0.));
#2776=CARTESIAN_POINT('',(0.001,0.0117319660112501,0.));
#2777=CARTESIAN_POINT('',(3.46944695195361E-18,0.0106139320225002,0.));
#2778=CARTESIAN_POINT('',(1.01111161977469E-19,0.0082069660112501,0.));
#2779=CARTESIAN_POINT('',(2.10428223367012E-19,0.0058,0.));
#2780=CARTESIAN_POINT('',(0.001,0.0048,0.));
#2781=CARTESIAN_POINT('',(0.002,0.0038,0.));
#2782=CARTESIAN_POINT('',(0.002,0.0019,0.));
#2783=CARTESIAN_POINT('',(0.002,0.003,0.));
#2784=CARTESIAN_POINT('',(3.37595690817765E-19,0.003,0.));
#2785=CARTESIAN_POINT('',(0.007,0.003,0.));
#2786=CARTESIAN_POINT('',(0.007,0.0015,0.));
#2787=CARTESIAN_POINT('',(0.0498,0.007125,-0.002));
#2788=CARTESIAN_POINT('',(0.0517,0.0052,-0.002));
#2789=CARTESIAN_POINT('',(0.0517,0.0052,-0.002));
#2790=CARTESIAN_POINT('',(0.0498,0.007125,-0.002));
#2791=CARTESIAN_POINT('',(0.0479,0.00905,-0.002));
#2792=CARTESIAN_POINT('',(0.0479,0.00905,-0.002));
#2793=CARTESIAN_POINT('',(0.02495,0.01285,-0.002));
#2794=CARTESIAN_POINT('',(0.0479,0.01285,-0.002));
#2795=CARTESIAN_POINT('',(0.0479,0.01285,-0.002));
#2796=CARTESIAN_POINT('',(0.02495,0.01285,-0.002));
#2797=CARTESIAN_POINT('',(0.002,0.01285,-0.002));
#2798=CARTESIAN_POINT('',(0.002,0.01285,-0.002));
#2799=CARTESIAN_POINT('',(0.001,0.0117319660112501,-0.002));
#2800=CARTESIAN_POINT('',(0.001,0.0117319660112501,-0.002));
#2801=CARTESIAN_POINT('',(3.46944695195361E-18,0.0106139320225002,-0.002));
#2802=CARTESIAN_POINT('',(3.46944695195361E-18,0.0106139320225002,-0.002));
#2803=CARTESIAN_POINT('',(1.01111161977469E-19,0.0082069660112501,-0.002));
#2804=CARTESIAN_POINT('',(1.01111161977469E-19,0.0082069660112501,-0.002));
#2805=CARTESIAN_POINT('',(2.10428223367012E-19,0.0058,-0.002));
#2806=CARTESIAN_POINT('',(2.10428223367012E-19,0.0058,-0.002));
#2807=CARTESIAN_POINT('',(0.001,0.0048,-0.002));
#2808=CARTESIAN_POINT('',(0.001,0.0048,-0.002));
#2809=CARTESIAN_POINT('',(0.002,0.0038,-0.002));
#2810=CARTESIAN_POINT('',(0.002,0.0038,-0.002));
#2811=CARTESIAN_POINT('',(0.002,0.0019,-0.002));
#2812=CARTESIAN_POINT('',(0.002,0.0019,0.));
#2813=CARTESIAN_POINT('',(0.002,8.67361737988404E-19,-0.002));
#2814=CARTESIAN_POINT('',(0.002,0.00385,-0.002));
#2815=CARTESIAN_POINT('',(0.002,0.00385,-0.00335));
#2816=CARTESIAN_POINT('',(0.002,0.00385,-0.0047));
#2817=CARTESIAN_POINT('',(0.002,0.002925,-0.0047));
#2818=CARTESIAN_POINT('',(0.002,0.002,-0.0047));
#2819=CARTESIAN_POINT('',(0.002,0.002,-0.00495));
#2820=CARTESIAN_POINT('',(0.002,0.002,-0.0052));
#2821=CARTESIAN_POINT('',(0.002,-8.67361737988404E-19,-0.0052));
#2822=CARTESIAN_POINT('',(0.002,-0.002,-0.0052));
#2823=CARTESIAN_POINT('',(0.002,-0.002,-0.00495));
#2824=CARTESIAN_POINT('',(0.002,-0.002,-0.0047));
#2825=CARTESIAN_POINT('',(0.002,-0.002925,-0.0047));
#2826=CARTESIAN_POINT('',(0.002,-0.00385,-0.0047));
#2827=CARTESIAN_POINT('',(0.002,-0.00385,-0.00335));
#2828=CARTESIAN_POINT('',(0.002,-0.00385,-0.002));
#2829=CARTESIAN_POINT('',(0.002,8.67361737988404E-19,-0.002));
#2830=CARTESIAN_POINT('',(0.002,-0.0038,-0.002));
#2831=CARTESIAN_POINT('',(0.002,-0.0038,-0.002));
#2832=CARTESIAN_POINT('',(0.001,-0.0048,-0.002));
#2833=CARTESIAN_POINT('',(0.001,-0.0048,-0.002));
#2834=CARTESIAN_POINT('',(-1.0842021724855E-19,-0.0058,-0.002));
#2835=CARTESIAN_POINT('',(-1.0842021724855E-19,-0.0058,-0.002));
#2836=CARTESIAN_POINT('',(1.01111161977469E-19,-0.00820696601125011,-0.002));
#2837=CARTESIAN_POINT('',(1.01111161977469E-19,-0.00820696601125011,-0.002));
#2838=CARTESIAN_POINT('',(-8.20589941207383E-21,-0.0106139320225002,-0.002));
#2839=CARTESIAN_POINT('',(-8.20589941207383E-21,-0.0106139320225002,-0.002));
#2840=CARTESIAN_POINT('',(0.001,-0.0117319660112501,-0.002));
#2841=CARTESIAN_POINT('',(0.001,-0.0117319660112501,-0.002));
#2842=CARTESIAN_POINT('',(0.002,-0.01285,-0.002));
#2843=CARTESIAN_POINT('',(0.002,-0.01285,-0.002));
#2844=CARTESIAN_POINT('',(0.02495,-0.01285,-0.002));
#2845=CARTESIAN_POINT('',(0.02495,-0.01285,-0.002));
#2846=CARTESIAN_POINT('',(0.0479,-0.01285,-0.002));
#2847=CARTESIAN_POINT('',(0.0479,-0.01285,-0.002));
#2848=CARTESIAN_POINT('',(0.0479,-0.0111,-0.002));
#2849=CARTESIAN_POINT('',(0.0479,0.00935,0.005));
#2850=CARTESIAN_POINT('',(0.0479,0.00935,0.0048));
#2851=CARTESIAN_POINT('',(0.0479,-0.0111,0.0048));
#2852=CARTESIAN_POINT('',(0.0479,-0.00935,0.0048));
#2853=CARTESIAN_POINT('',(0.0479,-0.00935,0.005));
#2854=CARTESIAN_POINT('',(0.0479,-0.0111,-0.002));
#2855=CARTESIAN_POINT('',(0.0479,-0.00905,-0.002));
#2856=CARTESIAN_POINT('',(0.0479,-0.00905,-0.002));
#2857=CARTESIAN_POINT('',(0.0479,0.0111,-0.002));
#2858=CARTESIAN_POINT('',(0.0498,-0.007125,-0.002));
#2859=CARTESIAN_POINT('',(0.0498,-0.007125,-0.002));
#2860=CARTESIAN_POINT('',(0.0517,-0.0052,-0.002));
#2861=CARTESIAN_POINT('',(0.0517,-0.0052,-0.002));
#2862=CARTESIAN_POINT('',(0.0517,0.0026,-0.002));
#2863=CARTESIAN_POINT('',(0.0517,0.0026,-0.002));
#2864=CARTESIAN_POINT('',(0.00858002027130773,-6.93889390390723E-18,-0.002));
#2865=CARTESIAN_POINT('',(0.0025,0.0111,-0.002));
#2866=CARTESIAN_POINT('',(0.003,0.0111,-0.002));
#2867=CARTESIAN_POINT('',(0.002,0.00385,-0.002));
#2868=CARTESIAN_POINT('',(0.008,0.00385,-0.002));
#2869=CARTESIAN_POINT('',(0.002,-0.00385,-0.002));
#2870=CARTESIAN_POINT('',(0.008,-0.00385,-0.002));
#2871=CARTESIAN_POINT('',(0.008,8.67361737988404E-19,-0.002));
#2872=CARTESIAN_POINT('',(0.03125,0.00935,0.005));
#2873=CARTESIAN_POINT('',(0.0146,0.00935,0.005));
#2874=CARTESIAN_POINT('',(0.0146,0.00935,0.0048));
#2875=CARTESIAN_POINT('',(0.0479,0.00935,0.0048));
#2876=CARTESIAN_POINT('',(0.0146,0.004675,0.005));
#2877=CARTESIAN_POINT('',(0.0146,-0.00935,0.005));
#2878=CARTESIAN_POINT('',(0.0146,-0.00935,0.0048));
#2879=CARTESIAN_POINT('',(0.0146,0.004675,0.0048));
#2880=CARTESIAN_POINT('',(0.03125,-0.00935,0.005));
#2881=CARTESIAN_POINT('',(0.03125,-0.00935,0.0048));
#2882=CARTESIAN_POINT('',(4.05721119809241E-19,0.0015,0.));
#2883=CARTESIAN_POINT('',(6.10097406783667E-19,-0.003,2.16840434497101E-18));
#2884=CARTESIAN_POINT('',(6.10097406783667E-19,-0.003,2.16840434497101E-18));
#2885=CARTESIAN_POINT('',(4.05721119809241E-19,0.0015,0.));
#2886=CARTESIAN_POINT('',(3.37595690817765E-19,0.003,0.));
#2887=CARTESIAN_POINT('',(3.37595690817765E-19,0.003,0.));
#2888=CARTESIAN_POINT('',(6.10097406783667E-19,-0.003,0.0015));
#2889=CARTESIAN_POINT('',(0.007,-0.003,0.0015));
#2890=CARTESIAN_POINT('',(0.007,-0.003,0.003));
#2891=CARTESIAN_POINT('',(6.10097406783667E-19,-0.003,0.003));
#2892=CARTESIAN_POINT('',(6.10097406783667E-19,-0.003,0.003));
#2893=CARTESIAN_POINT('',(6.10097406783667E-19,-0.003,0.0015));
#2894=CARTESIAN_POINT('',(5.41971977792192E-19,-0.0015,0.003));
#2895=CARTESIAN_POINT('',(0.007,-0.0015,0.003));
#2896=CARTESIAN_POINT('',(0.007,0.003,0.003));
#2897=CARTESIAN_POINT('',(3.37595690817765E-19,0.003,0.003));
#2898=CARTESIAN_POINT('',(3.37595690817765E-19,0.003,0.003));
#2899=CARTESIAN_POINT('',(5.41971977792192E-19,-0.0015,0.003));
#2900=CARTESIAN_POINT('',(3.37595690817765E-19,0.003,0.0015));
#2901=CARTESIAN_POINT('',(0.007,0.003,0.0015));
#2902=CARTESIAN_POINT('',(3.37595690817765E-19,0.003,0.0015));
#2903=CARTESIAN_POINT('',(0.007,0.0030569660112501,0.00246220013339096));
#2904=CARTESIAN_POINT('',(3.35008468181534E-19,0.0030569660112501,0.00246220013339096));
#2905=CARTESIAN_POINT('',(0.0025,0.0111,0.));
#2906=CARTESIAN_POINT('',(0.002,-0.002,-0.00495));
#2907=CARTESIAN_POINT('',(0.008,-0.002,-0.00495));
#2908=CARTESIAN_POINT('',(0.008,-0.002,-0.0047));
#2909=CARTESIAN_POINT('',(0.008,-0.002,-0.0052));
#2910=CARTESIAN_POINT('',(0.002,-0.002,-0.0047));
#2911=CARTESIAN_POINT('',(0.002,-0.002,-0.0052));
#2912=CARTESIAN_POINT('',(0.002,-0.002925,-0.0047));
#2913=CARTESIAN_POINT('',(0.008,-0.002925,-0.0047));
#2914=CARTESIAN_POINT('',(0.008,-0.00385,-0.0047));
#2915=CARTESIAN_POINT('',(0.002,-0.00385,-0.0047));
#2916=CARTESIAN_POINT('',(0.002,-0.00385,-0.00335));
#2917=CARTESIAN_POINT('',(0.008,-0.00385,-0.00335));
#2918=CARTESIAN_POINT('',(0.002,0.00385,-0.00335));
#2919=CARTESIAN_POINT('',(0.008,0.00385,-0.00335));
#2920=CARTESIAN_POINT('',(0.008,0.00385,-0.0047));
#2921=CARTESIAN_POINT('',(0.002,0.00385,-0.0047));
#2922=CARTESIAN_POINT('',(0.002,0.002925,-0.0047));
#2923=CARTESIAN_POINT('',(0.008,0.002925,-0.0047));
#2924=CARTESIAN_POINT('',(0.008,0.002,-0.0047));
#2925=CARTESIAN_POINT('',(0.002,0.002,-0.0047));
#2926=CARTESIAN_POINT('',(0.002,0.002,-0.00495));
#2927=CARTESIAN_POINT('',(0.008,0.002,-0.00495));
#2928=CARTESIAN_POINT('',(0.008,0.002,-0.0052));
#2929=CARTESIAN_POINT('',(0.002,0.002,-0.0052));
#2930=CARTESIAN_POINT('',(0.002,-8.67361737988404E-19,-0.0052));
#2931=CARTESIAN_POINT('',(0.008,-8.67361737988404E-19,-0.0052));
#2932=CARTESIAN_POINT('',(0.008,0.,-0.0026));
#2933=CARTESIAN_POINT('',(0.0035,0.00805,0.0023));
#2934=CARTESIAN_POINT('',(0.0035,0.00805,0.0023));
#2935=CARTESIAN_POINT('',(0.0044,0.00805,0.0023));
#2936=CARTESIAN_POINT('',(0.02395,0.00195,0.0023));
#2937=CARTESIAN_POINT('',(0.0035,-0.00805,0.0023));
#2938=CARTESIAN_POINT('',(0.0035,-0.00805,0.0023));
#2939=CARTESIAN_POINT('',(0.0044,-0.00805,0.0023));
#2940=CARTESIAN_POINT('',(0.02395,0.00195,0.0023));
#2941=CARTESIAN_POINT('',(0.03085,0.00805,0.004));
#2942=CARTESIAN_POINT('',(0.0436,0.00805,0.004));
#2943=CARTESIAN_POINT('',(0.0436,0.00805,0.004));
#2944=CARTESIAN_POINT('',(0.0436,0.00805,0.0048));
#2945=CARTESIAN_POINT('',(0.03085,0.00805,0.0048));
#2946=CARTESIAN_POINT('',(0.0181,0.00805,0.0048));
#2947=CARTESIAN_POINT('',(0.0181,0.00805,0.004));
#2948=CARTESIAN_POINT('',(0.0181,0.00805,0.004));
#2949=CARTESIAN_POINT('',(0.03085,0.00805,0.004));
#2950=CARTESIAN_POINT('',(0.0181,0.0015,0.004));
#2951=CARTESIAN_POINT('',(0.0181,-0.00505,0.0048));
#2952=CARTESIAN_POINT('',(0.0181,-0.00505,0.0048));
#2953=CARTESIAN_POINT('',(0.0181,-0.00505,0.004));
#2954=CARTESIAN_POINT('',(0.0181,-0.00505,0.004));
#2955=CARTESIAN_POINT('',(0.0181,0.0015,0.004));
#2956=CARTESIAN_POINT('',(0.03085,-0.00505,0.004));
#2957=CARTESIAN_POINT('',(0.0436,-0.00505,0.0048));
#2958=CARTESIAN_POINT('',(0.0436,-0.00505,0.0048));
#2959=CARTESIAN_POINT('',(0.0436,-0.00505,0.004));
#2960=CARTESIAN_POINT('',(0.0436,-0.00505,0.004));
#2961=CARTESIAN_POINT('',(0.03085,-0.00505,0.004));
#2962=CARTESIAN_POINT('',(0.0436,0.0015,0.004));
#2963=CARTESIAN_POINT('',(0.0436,0.0015,0.0048));
#2964=CARTESIAN_POINT('',(0.0436,0.0015,0.004));
#2965=CARTESIAN_POINT('',(0.03125,0.,0.004));
#2966=CARTESIAN_POINT('',(0.0438,-6.93889390390723E-18,0.0048));
#2967=CARTESIAN_POINT('',(0.0438,-0.00525,0.0048));
#2968=CARTESIAN_POINT('',(0.0438,0.00825,0.0048));
#2969=CARTESIAN_POINT('',(0.00858002027130773,0.00825,0.0048));
#2970=CARTESIAN_POINT('',(0.0179,0.00825,0.0048));
#2971=CARTESIAN_POINT('',(0.03085,-0.00525,0.0048));
#2972=CARTESIAN_POINT('',(0.0179,-0.00525,0.0048));
#2973=CARTESIAN_POINT('',(0.0179,0.0015,0.0048));
#2974=CARTESIAN_POINT('',(0.0148,0.004675,0.0048));
#2975=CARTESIAN_POINT('',(0.0148,-0.00915,0.0048));
#2976=CARTESIAN_POINT('',(0.0148,0.00915,0.0048));
#2977=CARTESIAN_POINT('',(0.00858002027130774,0.00915,0.0048));
#2978=CARTESIAN_POINT('',(0.0477,0.00915,0.0048));
#2979=CARTESIAN_POINT('',(0.03125,-0.00915,0.0048));
#2980=CARTESIAN_POINT('',(0.0477,-0.00915,0.0048));
#2981=CARTESIAN_POINT('',(0.0477,-0.0111,0.0048));
#2982=MECHANICAL_DESIGN_GEOMETRIC_PRESENTATION_REPRESENTATION('',(#1685,
#1563,#1564,#1565,#1566,#1567,#1568,#1569,#1570,#1571,#1572,#1573,#1574,
#1575,#1576,#1577,#1578,#1579,#1580,#1581,#1582,#1583,#1584,#1585,#1586,
#1587,#1588,#1589,#1590,#1591,#1592,#1593,#1594,#1595,#1596),#2983);
#2983=(
GEOMETRIC_REPRESENTATION_CONTEXT(3)
GLOBAL_UNCERTAINTY_ASSIGNED_CONTEXT((#2984))
GLOBAL_UNIT_ASSIGNED_CONTEXT((#2987,#2986,#2985))
REPRESENTATION_CONTEXT('Heltec_ESP32 V3','TOP_LEVEL_ASSEMBLY_PART')
);
#2984=UNCERTAINTY_MEASURE_WITH_UNIT(LENGTH_MEASURE(1.E-8),#2987,
'DISTANCE_ACCURACY_VALUE','Maximum Tolerance applied to model');
#2985=(
NAMED_UNIT(*)
SI_UNIT($,.STERADIAN.)
SOLID_ANGLE_UNIT()
);
#2986=(
NAMED_UNIT(*)
PLANE_ANGLE_UNIT()
SI_UNIT($,.RADIAN.)
);
#2987=(
LENGTH_UNIT()
NAMED_UNIT(*)
SI_UNIT($,.METRE.)
);
#2988=PRODUCT_DEFINITION_SHAPE('','',#2989);
#2989=PRODUCT_DEFINITION('','',#2991,#2990);
#2990=PRODUCT_DEFINITION_CONTEXT('',#2997,'design');
#2991=PRODUCT_DEFINITION_FORMATION_WITH_SPECIFIED_SOURCE('','',#2993,
 .NOT_KNOWN.);
#2992=PRODUCT_RELATED_PRODUCT_CATEGORY('','',(#2993));
#2993=PRODUCT('Heltec_ESP32 V3','Heltec_ESP32 V3','Heltec_ESP32 V3',(#2995));
#2994=PRODUCT_CATEGORY('','');
#2995=PRODUCT_CONTEXT('',#2997,'mechanical');
#2996=APPLICATION_PROTOCOL_DEFINITION('international standard',
'automotive_design',2010,#2997);
#2997=APPLICATION_CONTEXT(
'core data for automotive mechanical design processes');
ENDSEC;
END-ISO-10303-21;
